date,away,home,main_line,minimum,actual,hit,decision,hit_rate,sim_mean,flag_count,percentile_10th
2025-11-04,Evansville Purple Aces,Purdue Boilermakers,147.5,135.5,133,False,MAYBE,94.86,160.4132512433385,0,140.83651395946634
2025-11-04,Alcorn St Braves,Florida St Seminoles,150.5,138.5,184,True,YES,95.32000000000001,163.7282325640338,0,144.31717113118594
2025-11-04,Georgia Southern Eagles,East Carolina Pirates,148.5,136.5,181,True,MAYBE,90.66,160.02039700498136,0,137.27573526797494
2025-11-04,NJIT Highlanders,Fordham Rams,146.5,134.5,133,False,NO,80.32000000000001,153.7769813781339,1,124.4019230832089
2025-11-04,Nicholls St Colonels,Kentucky Wildcats,152.5,140.5,128,False,NO,80.58,156.86728538313992,1,133.11695203318965
2025-11-04,Mt. St. Mary's Mountaineers,West Virginia Mountaineers,138.5,126.5,124,False,MAYBE,94.16,148.70849603896556,0,130.4949008762867
2025-11-04,North Carolina A&T Aggies,South Carolina Gamecocks,143.5,131.5,163,True,YES,98.18,158.32360784969347,0,142.03745471058545
2025-11-04,UNC Asheville Bulldogs,Wichita St Shockers,156.5,144.5,133,False,NO,81.04,158.74681227220964,1,138.00147866606142
2025-11-04,Eastern Illinois Panthers,Valparaiso Beacons,143.5,131.5,129,False,NO,82.62,146.80387776108506,1,126.07511665330553
2025-11-04,UNC Greensboro Spartans,Kansas St Wildcats,142.5,130.5,157,True,YES,97.76,162.08628578637104,0,142.03934068412985
2025-11-04,Lindenwood Lions,Texas Tech Red Raiders,145.5,133.5,158,True,NO,86.1,159.44313919311296,2,129.0122426245408
2025-11-04,Oral Roberts Golden Eagles,Oklahoma St Cowboys,158.5,146.5,166,True,MAYBE,90.84,171.18455788866336,0,147.5014000490033
2025-11-04,Robert Morris Colonials,Iowa Hawkeyes,142.5,130.5,170,True,MAYBE,93.86,158.2982983435547,0,135.476232549244
2025-11-04,Texas Longhorns,Duke Blue Devils,152.5,140.5,135,False,NO,83.34,161.64635272187047,1,134.01938479982644
2025-11-04,Southern Utah Thunderbirds,Arizona St Sun Devils,150.5,138.5,145,True,NO,85.7,164.24602354297423,1,133.62006538377713
2025-11-04,Long Beach St 49ers,San Diego St Aztecs,137.5,125.5,122,False,YES,98.32,156.24552071124293,0,136.91130074873905
2025-11-04,Louisiana Tech Bulldogs,Nevada Wolf Pack,136.5,124.5,127,True,MAYBE,88.28,145.93850090563478,1,123.1019525238729
2025-11-04,Portland St Vikings,Stanford Cardinal,143.5,131.5,168,True,NO,87.2,156.03981522422066,1,128.43639586751013
2025-11-04,Tenn-Martin Skyhawks,UNLV Rebels,144.5,132.5,167,True,MAYBE,91.66,155.02386731467791,0,134.3703467320761
2025-11-05,Rider Broncs,Rutgers Scarlet Knights,142.5,130.5,134,True,MAYBE,88.64,151.57234828789768,1,129.08919108110194
2025-11-05,Coppin St Eagles,La Salle Explorers,142.5,130.5,146,True,MAYBE,90.94,151.118137086353,0,131.10487000736495
2025-11-05,Southern Indiana Screaming Eagles,Butler Bulldogs,155.5,143.5,146,True,NO,85.3,162.4712704257024,2,138.99990371599952
2025-11-05,Delaware St Hornets,Temple Owls,154.5,142.5,148,True,MAYBE,93.84,162.1313447959643,0,146.25285694393514
2025-11-05,Alabama A&M Bulldogs,Indiana Hoosiers,145.5,133.5,149,True,MAYBE,93.52000000000001,159.63072995934402,0,137.46027394291067
2025-11-05,South Dakota Coyotes,Creighton Bluejays,167.5,155.5,168,True,NO,72.88,167.83281135151555,1,142.3009159427784
2025-11-05,Tarleton State Texans,LSU Tigers,146.5,134.5,156,True,YES,98.94,165.447432485427,0,148.35280549616806
2025-11-05,Southern Jaguars,Marquette Golden Eagles,150.5,138.5,182,True,MAYBE,93.32000000000001,159.04153351630373,0,141.24662910847965
2025-11-05,East Texas A&M Lions,New Mexico Lobos,143.5,131.5,130,False,NO,87.78,153.49541001365063,1,129.50348254820037
2025-11-05,South Carolina Upstate Spartans,Fresno St Bulldogs,164.5,152.5,138,False,NO,70.24000000000001,159.67699680833582,1,141.7628378376602
2025-11-05,North Alabama Lions,Mississippi St Bulldogs,153.5,141.5,148,True,MAYBE,88.03999999999999,160.99393805102,1,139.8936969706644
2025-11-05,North Dakota St Bison,UC Davis Aggies,143.5,131.5,148,True,NO,79.2,150.69990227561766,1,122.46224279953371
2025-11-06,Bethune-Cookman Wildcats,Miami Hurricanes,152.5,140.5,162,True,NO,87.44,169.11461762795193,1,137.58175060897628
2025-11-06,The Citadel Bulldogs,Boston College Eagles,143.5,131.5,123,False,NO,85.22,154.18684527116514,1,127.26798700782835
2025-11-06,Campbell Fighting Camels,West Virginia Mountaineers,140.5,128.5,138,True,MAYBE,91.60000000000001,154.48517031414292,0,129.95156971309538
2025-11-06,Central Connecticut St Blue Devils,Quinnipiac Bobcats,151.5,139.5,120,False,NO,71.36,150.9789403055984,1,125.80547397046257
2025-11-06,Illinois St Redbirds,Ohio Bobcats,158.5,146.5,140,False,NO,84.34,163.56192380748365,1,141.843610494224
2025-11-06,Jackson St Tigers,Louisville Cardinals,161.5,149.5,176,True,NO,85.92,168.07513078554794,1,145.87971535755347
2025-11-06,Le Moyne Dolphins,Xavier Musketeers,157.5,145.5,143,False,NO,87.82,164.60931024627146,2,143.42333259672068
2025-11-06,Robert Morris Colonials,Drake Bulldogs,149.5,137.5,160,True,NO,79.88,151.48251619069782,1,130.40920142383453
2025-11-06,Omaha Mavericks,Abilene Christian Wildcats,152.5,140.5,144,True,NO,65.56,150.04487046106613,1,123.73771873563555
2025-11-06,Alcorn St Braves,South Alabama Jaguars,141.5,129.5,146,True,MAYBE,93.06,152.33052261124655,0,132.51811482721666
2025-11-06,Merrimack Warriors,Auburn Tigers,145.5,133.5,152,True,MAYBE,92.28,160.25876449887565,0,135.93131469350598
2025-11-06,Chicago St Cougars,Saint Louis Billikens,152.5,140.5,194,True,MAYBE,92.74,164.90314114546086,0,143.34022769917183
2025-11-06,North Florida Ospreys,Florida Gators,168.5,156.5,168,True,NO,66.96,166.7757538713213,1,141.0346310574517
2025-11-06,UC Riverside Highlanders,North Dakota Fighting Hawks,151.5,139.5,144,True,NO,73.94,155.2355834211474,1,126.44421444989203
2025-11-06,Northwestern St Demons,North Texas Mean Green,138.5,126.5,133,True,NO,86.58,150.36250040016625,1,122.88863525119025
2025-11-06,St. Francis (PA) Red Flash,TCU Horned Frogs,149.5,137.5,167,True,NO,53.620000000000005,139.6363136572811,1,118.01031550057539
2025-11-06,Texas Southern Tigers,Texas A&M Aggies,161.5,149.5,174,True,NO,75.3,167.47405323646387,1,135.2498660997476
2025-11-06,Grambling St Tigers,Iowa State Cyclones,140.5,128.5,164,True,YES,96.04,158.5997309929828,0,136.06473983844813
2025-11-06,Mercyhurst Lakers,Loyola (Chi) Ramblers,145.5,133.5,138,True,NO,67.16,144.4970538035525,1,115.27463704946668
2025-11-06,Wright St Raiders,California Golden Bears,152.5,140.5,144,True,MAYBE,88.52,158.67436806913588,1,139.38414089991102
2025-11-06,Denver Pioneers,Washington Huskies,154.5,142.5,154,True,YES,95.12,166.36168424410116,0,147.50548009594283
2025-11-06,Arkansas-Pine Bluff Golden Lions,Portland Pilots,161.5,149.5,157,True,NO,66.92,159.75912737787357,1,132.41619634121122
2025-11-07,Columbia Lions,New Haven Chargers,151.5,139.5,124,False,NO,60.28,148.06886427217123,1,113.87477314290621
2025-11-07,Northeastern Huskies,Colgate Raiders,147.5,135.5,133,False,MAYBE,90.28,157.32672449869304,0,135.71171318163627
2025-11-07,Boston Univ. Terriers,Northwestern Wildcats,136.5,124.5,128,True,YES,96.04,152.4719701544954,0,131.41137311316137
2025-11-07,Charleston Cougars,Liberty Flames,148.5,136.5,165,True,MAYBE,93.84,160.71180826809248,0,140.78120545311805
2025-11-07,Georgetown Hoyas,Maryland Terrapins,146.5,134.5,130,False,MAYBE,94.16,159.4975841571743,0,139.18694164882535
2025-11-07,Tulsa Golden Hurricane,Rhode Island Rams,154.5,142.5,147,True,NO,86.44,160.8564019467816,1,139.4609277725568
2025-11-07,Green Bay Phoenix,Buffalo Bulls,152.5,140.5,159,True,MAYBE,91.5,160.25128885492882,0,141.71204346571446
2025-11-07,Fort Wayne Mastodons,Ohio State Buckeyes,163.5,151.5,162,True,NO,83.2,165.73779512606416,1,146.8520529606059
2025-11-07,Alabama St Hornets,Florida St Seminoles,163.5,151.5,165,True,NO,81.78,165.98895005825676,1,145.85168925437185
2025-11-07,Siena Saints,Brown Bears,145.5,133.5,108,False,NO,83.17999999999999,147.6248085589084,1,129.01500882879515
2025-11-07,Tennessee Tech Golden Eagles,Charlotte 49ers,150.5,138.5,135,False,NO,79.2,157.76041786646965,1,129.10998999836363
2025-11-07,Gardner-Webb Bulldogs,Clemson Tigers,148.5,136.5,156,True,NO,81.10000000000001,150.67994027252004,1,130.2507116544249
2025-11-07,Cornell Big Red,Kent State Golden Flashes,166.5,154.5,212,True,NO,83.48,172.58069167569232,1,148.95906944232928
2025-11-07,Washington St Cougars,Davidson Wildcats,153.5,141.5,154,True,NO,82.02000000000001,159.75675787214237,1,134.80211148437326
2025-11-07,Detroit Mercy Titans,Notre Dame Fighting Irish,147.5,135.5,172,True,MAYBE,89.08,159.49274623297927,1,134.70123701318406
2025-11-07,Sacred Heart Pioneers,Duquesne Dukes,154.5,142.5,172,True,MAYBE,91.53999999999999,170.01490144824731,0,144.3902173031606
2025-11-07,Troy Trojans,Furman Paladins,150.5,138.5,125,False,NO,77.22,157.2730115513122,1,125.63050678747447
2025-11-07,Winthrop Eagles,George Mason Patriots,147.5,135.5,186,True,MAYBE,89.08,156.13842455469697,1,134.68852275946668
2025-11-07,Hofstra Pride,Iona Gaels,145.5,133.5,154,True,YES,97.0,159.95899680125828,0,141.79238780006938
2025-11-07,Western Illinois Leathernecks,Iowa Hawkeyes,145.5,133.5,135,True,MAYBE,89.05999999999999,156.5989550492038,1,132.48841978520716
2025-11-07,Kansas Jayhawks,North Carolina Tar Heels,157.5,145.5,161,True,NO,78.4,155.05462264530732,1,139.0087241392789
2025-11-07,Valparaiso Beacons,Kentucky Wildcats,156.5,144.5,166,True,NO,73.98,156.42619388643402,1,132.9840427917146
2025-11-07,Longwood Lancers,Pittsburgh Panthers,148.5,136.5,138,True,MAYBE,93.2,160.33502924206695,0,139.85490852254028
2025-11-07,Morehead St Eagles,Wake Forest Demon Deacons,146.5,134.5,146,True,MAYBE,92.86,159.73698193718923,0,137.4908804311309
2025-11-07,North Carolina Central Eagles,Virginia Cavaliers,153.5,141.5,143,True,MAYBE,91.62,160.8265595703662,0,142.83013903728545
2025-11-07,Oakland Golden Grizzlies,Purdue Boilermakers,155.5,143.5,164,True,MAYBE,92.30000000000001,171.49340448373184,0,146.1836220050091
2025-11-07,Georgia St Panthers,Cincinnati Bearcats,150.5,138.5,138,False,NO,68.14,147.1829923127471,1,123.56251887677703
2025-11-07,Bryant Bulldogs,Georgia Tech Yellow Jackets,146.5,134.5,119,False,NO,74.08,144.7030741869932,1,125.08362072212128
2025-11-07,Wagner Seahawks,Seton Hall Pirates,132.5,120.5,129,True,MAYBE,94.94,147.36801232845224,0,126.12354267367006
2025-11-07,UMass Lowell River Hawks,UConn Huskies,151.5,139.5,157,True,NO,87.83999999999999,164.17574205114505,1,137.14954176444738
2025-11-07,Stonehill Skyhawks,DePaul Blue Demons,145.5,133.5,136,True,NO,84.0,153.72139039534366,2,128.0410377447407
2025-11-07,Miss Valley St Delta Devils,Murray St Racers,153.5,141.5,168,True,MAYBE,94.39999999999999,165.86303441923056,0,146.17637034905968
2025-11-07,Sam Houston St Bearkats,Texas Tech Red Raiders,152.5,140.5,175,True,MAYBE,88.6,161.72587365587304,1,139.2220350131968
2025-11-07,Yale Bulldogs,Navy Midshipmen,147.5,135.5,165,True,YES,96.24000000000001,163.7109382274408,0,142.68246191313085
2025-11-07,South Carolina St Bulldogs,Samford Bulldogs,155.5,143.5,154,True,NO,75.44,154.8177833145589,1,133.9859400293733
2025-11-07,VMI Keydets,Southern Indiana Screaming Eagles,152.5,140.5,152,True,NO,76.5,160.23879340417858,2,127.69676489214221
2025-11-07,Utah Tech Trailblazers,Arizona Wildcats,163.5,151.5,160,True,NO,61.24000000000001,157.66952521409212,1,132.569560378848
2025-11-07,Youngstown St Penguins,Grand Canyon Antelopes,151.5,139.5,171,True,NO,77.64,153.99970958032995,1,129.82901966809152
2025-11-07,Idaho State Bengals,San Diego Toreros,152.5,140.5,139,False,MAYBE,90.4,159.66581370014063,0,140.94629385837192
2025-11-07,UAB Blazers,NC State Wolfpack,163.5,151.5,164,True,NO,81.54,169.37650459306656,1,144.33764792695766
2025-11-07,McNeese Cowboys,Santa Clara Broncos,153.5,141.5,146,True,NO,66.74,153.92688701686996,1,122.01358823144899
2025-11-07,Rice Owls,Oregon Ducks,146.5,134.5,130,False,MAYBE,92.17999999999999,158.40099310834057,0,136.54778418245482
2025-11-07,UIC Flames,Oregon St Beavers,148.5,136.5,149,True,MAYBE,91.34,156.25547122749174,0,137.74553858996512
2025-11-07,Cal Baptist Lancers,UC Irvine Anteaters,145.5,133.5,130,False,NO,61.040000000000006,144.32365467308603,1,110.12917581760985
2025-11-07,Chattanooga Mocs,Saint Mary's Gaels,143.5,131.5,153,True,MAYBE,93.24,154.63243135213264,0,134.72552452864383
2025-11-07,Pepperdine Waves,UCLA Bruins,153.5,141.5,137,False,NO,69.69999999999999,153.6866667868935,1,128.88049470594294
2025-11-07,Alabama Crimson Tide,St. John's Red Storm,168.5,156.5,165,True,NO,87.86,175.93348489222245,1,154.5265522892865
2025-11-08,Princeton Tigers,Akron Zips,155.5,143.5,173,True,MAYBE,91.74,165.43124810874588,0,145.19865747282674
2025-11-08,Alabama Crimson Tide,St. John's Red Storm,171.5,159.5,199,True,NO,84.96000000000001,175.8144735122638,1,155.31230949521444
2025-11-08,Alcorn St Braves,Minnesota Golden Gophers,159.5,147.5,145,False,NO,63.3,153.52508671675838,1,131.26017742213537
2025-11-08,Drexel Dragons,Saint Joseph's Hawks,139.5,127.5,141,True,MAYBE,88.9,149.49255357245633,1,126.50934929118007
2025-11-08,Kennesaw St Owls,Florida A&M Rattlers,167.5,155.5,164,True,NO,74.68,165.40140838989873,1,146.6129365535481
2025-11-08,Penn State Nittany Lions,New Haven Chargers,144.5,132.5,130,False,NO,81.78,157.44385850236202,1,123.9384606641792
2025-11-08,Western Carolina Catamounts,Duke Blue Devils,152.5,140.5,149,True,NO,86.32,159.88284713192337,1,137.41941229626977
2025-11-08,Niagara Purple Eagles,Binghamton Bearcats,140.5,128.5,126,False,MAYBE,91.25999999999999,149.27174838835555,0,129.64613202640012
2025-11-08,UMBC Retrievers,Dayton Flyers,152.5,140.5,148,True,NO,82.66,157.44573370149635,1,134.34658313473216
2025-11-08,Delaware St Hornets,Syracuse Orange,160.5,148.5,126,False,NO,76.08,157.45097555929263,1,140.3247874124062
2025-11-08,Fairfield Stags,NJIT Highlanders,145.5,133.5,127,False,NO,87.82,155.8311737180382,1,131.094389500512
2025-11-08,Marshall Thundering Herd,Toledo Rockets,160.5,148.5,158,True,MAYBE,89.1,166.9818022197597,1,147.77149417090843
2025-11-08,Milwaukee Panthers,Wofford Terriers,150.5,138.5,162,True,NO,82.98,164.1299886641921,1,130.8677805271619
2025-11-08,Texas State Bobcats,Tulane Green Wave,147.5,135.5,150,True,NO,83.62,155.79104184902334,1,129.47910730102927
2025-11-08,Towson Tigers,Houston Cougars,132.5,120.5,113,False,MAYBE,92.32000000000001,143.81392113351268,0,122.52634419835984
2025-11-08,Lafayette Leopards,Texas Longhorns,150.5,138.5,157,True,MAYBE,88.4,161.73520584517843,1,136.49642973630975
2025-11-08,San Francisco Dons,Memphis Tigers,156.5,144.5,146,True,NO,82.72,156.5966333618987,1,140.04650973034464
2025-11-08,Northern Kentucky Norse,Tennessee Volunteers,139.5,127.5,151,True,YES,96.78,157.79158304605787,0,136.6072654365566
2025-11-08,Monmouth Hawks,La Salle Explorers,145.5,133.5,133,False,NO,87.8,153.99849331013445,1,131.60577847769488
2025-11-08,Austin Peay Governors,Air Force Falcons,138.5,126.5,128,True,NO,80.88,148.07128839533095,1,117.81549330340641
2025-11-08,Utah Valley Wolverines,Boise State Broncos,147.5,135.5,178,True,NO,78.25999999999999,151.69709598584612,1,125.33178893608181
2025-11-08,CSU Fullerton Titans,Wyoming Cowboys,149.5,137.5,174,True,MAYBE,91.34,160.39968001720598,0,138.81875405913664
2025-11-08,Canisius Golden Griffins,St. Bonaventure Bonnies,137.5,125.5,159,True,YES,95.7,151.96944523673315,0,131.99444373622677
2025-11-08,Eastern Washington Eagles,Colorado Buffaloes,152.5,140.5,199,True,YES,98.11999999999999,169.45526604989433,0,151.06883398222078
2025-11-08,Elon Phoenix,UNC Greensboro Spartans,142.5,130.5,182,True,YES,96.92,160.2501938565925,0,139.94641868674051
2025-11-08,Montana Grizzlies,Stanford Cardinal,149.5,137.5,159,True,MAYBE,91.82000000000001,162.1341143669598,0,139.43601535160795
2025-11-08,UT-Arlington Mavericks,New Mexico Lobos,149.5,137.5,130,False,NO,73.68,146.10648004542455,1,128.09025166906488
2025-11-08,William & Mary Tribe,Norfolk St Spartans,155.5,143.5,159,True,NO,71.61999999999999,154.4533830237648,1,130.24329290232956
2025-11-08,San José St Spartans,UC Santa Barbara Gauchos,146.5,134.5,159,True,NO,68.42,142.41392013293554,1,122.5688980707174
2025-11-08,Vanderbilt Commodores,UCF Knights,167.5,155.5,198,True,MAYBE,90.60000000000001,173.5682347427781,0,155.94389881808425
2025-11-08,Long Beach St 49ers,Fresno St Bulldogs,143.5,131.5,144,True,MAYBE,93.66,155.56195541743637,0,135.60165276413687
2025-11-08,Maine Black Bears,Stony Brook Seawolves,136.5,124.5,131,True,MAYBE,90.42,147.78103129730047,0,124.9265977862361
2025-11-08,Charleston Cougars,Florida Atlantic Owls,159.5,147.5,171,True,NO,85.34,161.85006823168948,1,144.33120871315424
2025-11-08,East Carolina Pirates,Richmond Spiders,144.5,132.5,159,True,YES,95.42,158.20662443202707,0,138.63198492295567
2025-11-08,Arkansas Razorbacks,Michigan St Spartans,155.5,143.5,135,False,NO,76.25999999999999,157.07410426160317,1,133.77507577187998
2025-11-08,Prairie View Panthers,Wichita St Shockers,155.5,143.5,167,True,NO,82.06,159.06077515576285,1,137.33922843959004
2025-11-08,Queens University Royals,Villanova Wildcats,151.5,139.5,168,True,YES,96.54,166.10893678974713,0,147.40071709466818
2025-11-08,Weber State Wildcats,Utah Utes,147.5,135.5,181,True,MAYBE,89.48,163.77578563105055,1,134.93445770526696
2025-11-08,Bellarmine Knights,Kansas St Wildcats,171.5,159.5,169,True,NO,78.84,170.79436475834933,1,152.31841202648744
2025-11-08,Tennessee St Tigers,Belmont Bruins,157.5,145.5,166,True,MAYBE,90.5,163.09949781383216,0,145.96006249471682
2025-11-08,Central Michigan Chippewas,Bradley Braves,147.5,135.5,139,True,NO,85.52,156.0830770079293,1,131.53440452079494
2025-11-08,Holy Cross Crusaders,BYU Cougars,164.5,152.5,151,False,NO,77.34,163.79903401222754,1,144.0442004017232
2025-11-08,Chattanooga Mocs,UNLV Rebels,153.5,141.5,170,True,YES,95.94,168.56414974858416,0,148.90498341005105
2025-11-08,Cal Poly Mustangs,Seattle Redhawks,158.5,146.5,144,False,NO,83.5,161.38982369902124,1,142.01874616073553
2025-11-08,Houston Christian Huskies,UC San Diego Tritons,143.5,131.5,138,True,YES,97.2,156.86761351187272,0,139.8494584763513
2025-11-08,Pacific Tigers,Nevada Wolf Pack,142.5,130.5,155,True,YES,96.89999999999999,155.63233109191037,0,137.69829679462637
2025-11-08,Oklahoma Sooners,Gonzaga Bulldogs,163.5,151.5,151,False,NO,73.66,165.30633542468047,1,137.27785162642041
2025-11-09,New Hampshire Wildcats,Harvard Crimson,147.5,135.5,161,True,NO,74.2,154.225288583412,1,122.43075805612634
2025-11-09,Western Michigan Broncos,Campbell Fighting Camels,152.5,140.5,173,True,NO,83.04,163.27668792397685,1,133.04359736755157
2025-11-09,Pennsylvania Quakers,American Eagles,156.5,144.5,162,True,NO,78.68,164.3532673635996,1,132.15978320493716
2025-11-09,North Carolina Central Eagles,Appalachian St Mountaineers,132.5,120.5,130,True,YES,96.92,148.03495112216123,0,129.19525210184543
2025-11-09,Coppin St Eagles,James Madison Dukes,146.5,134.5,154,True,MAYBE,94.54,158.44475996273997,0,139.5359430274133
2025-11-09,Le Moyne Dolphins,Bowling Green Falcons,156.5,144.5,143,False,NO,81.82000000000001,162.03827154993857,2,137.81443043931148
2025-11-09,Vermont Catamounts,Brown Bears,130.5,118.5,173,True,YES,95.98,149.25114348469128,0,126.06480826984665
2025-11-09,Cornell Big Red,Illinois St Redbirds,165.5,153.5,141,False,NO,76.92,168.18131809791453,1,142.806062530191
2025-11-09,Marist Red Foxes,Dartmouth Big Green,139.5,127.5,131,True,NO,80.4,148.70981987316748,1,118.77746733245297
2025-11-09,Morehead St Eagles,Georgia Bulldogs,148.5,136.5,201,True,MAYBE,94.76,164.57609450965882,0,142.46773785861666
2025-11-09,Lipscomb Bisons,Mercer Bears,160.5,148.5,169,True,NO,68.02,158.44096854062735,1,132.84478958143896
2025-11-09,Texas A&M Aggies,Oklahoma St Cowboys,169.5,157.5,150,False,NO,73.98,171.8823410251101,1,143.8700118362832
2025-11-09,Utah Tech Trailblazers,Arizona St Sun Devils,153.5,141.5,147,True,NO,78.25999999999999,157.34836989974977,1,131.8929363660588
2025-11-09,Denver Pioneers,Montana St Bobcats,149.5,137.5,148,True,MAYBE,90.0,159.7601105323022,0,137.50030881857478
2025-11-09,Lehigh Mountain Hawks,West Virginia Mountaineers,139.5,127.5,116,False,MAYBE,91.12,149.3469349852774,0,128.3977191508967
2025-11-09,VMI Keydets,Missouri Tigers,160.5,148.5,174,True,NO,78.44,167.74667182413418,1,139.81537653306174
2025-11-09,Idaho State Bengals,San Diego St Aztecs,139.5,127.5,130,True,YES,96.32,153.88947292378134,0,135.21684303867627
2025-11-09,UC Davis Aggies,Portland Pilots,152.5,140.5,130,False,NO,75.82,156.26599510075076,1,128.32875501151827
2025-11-09,Omaha Mavericks,Colorado St Rams,156.5,144.5,171,True,YES,97.3,171.77823256975225,0,153.5699878066926
2025-11-09,Florida Atlantic Owls,Liberty Flames,150.5,138.5,156,True,MAYBE,92.24,162.25442896945412,0,140.74648496455276
2025-11-09,Grambling St Tigers,Howard Bison,155.5,143.5,143,False,NO,68.10000000000001,154.4330008700443,1,127.37885344466926
2025-11-09,Southern Miss Golden Eagles,South Carolina Gamecocks,151.5,139.5,162,True,MAYBE,94.42,160.52475507419132,0,143.98964824410697
2025-11-09,Washington Huskies,Baylor Bears,155.5,143.5,147,True,MAYBE,94.34,166.35812240153564,0,147.88435957141377
2025-11-10,Columbia Lions,UConn Huskies,155.5,143.5,151,True,NO,78.18,161.4721329693286,1,133.15603183433407
2025-11-10,Delaware St Hornets,Niagara Purple Eagles,137.5,125.5,125,False,YES,95.52000000000001,148.16779367590627,0,130.89870662374807
2025-11-10,Charleston Southern Buccaneers,The Citadel Bulldogs,145.5,133.5,182,True,MAYBE,89.74,160.27962624016757,1,133.2732503011659
2025-11-10,Western Kentucky Hilltoppers,Eastern Kentucky Colonels,164.5,152.5,166,True,NO,74.4,165.68617690628645,1,139.94166887680092
2025-11-10,Eastern Michigan Eagles,Pittsburgh Panthers,146.5,134.5,144,True,NO,86.6,152.17251086273706,1,131.9691091937153
2025-11-10,Fairfield Stags,Seton Hall Pirates,140.5,128.5,141,True,YES,96.14,154.57884746954502,0,135.97060609270946
2025-11-10,Presbyterian Blue Hose,Georgia St Panthers,138.5,126.5,124,False,NO,80.08,145.60600845085898,1,117.69819365170868
2025-11-10,South Carolina St Bulldogs,North Carolina A&T Aggies,157.5,145.5,147,True,NO,77.75999999999999,155.14958999774916,1,138.96911425514003
2025-11-10,Arkansas-Little Rock Trojans,Milwaukee Panthers,158.5,146.5,164,True,NO,53.900000000000006,149.69684028598624,1,117.92482962820314
2025-11-10,New Orleans Privateers,LSU Tigers,158.5,146.5,151,True,MAYBE,90.53999999999999,166.3280470221803,0,147.0356505646883
2025-11-10,Lamar Cardinals,TCU Horned Frogs,147.5,135.5,143,True,NO,81.04,151.00832643778486,1,128.49233595903488
2025-11-10,Lindenwood Lions,Saint Louis Billikens,164.5,152.5,175,True,NO,64.86,161.74241718929042,2,133.56644688252214
2025-11-10,Mississippi St Bulldogs,Iowa State Cyclones,150.5,138.5,176,True,MAYBE,90.28,161.7057084606631,0,138.7247845141167
2025-11-10,Cleveland St Vikings,Northwestern Wildcats,147.5,135.5,173,True,YES,95.12,165.04794343572905,0,142.42848708227316
2025-11-10,Santa Clara Broncos,Xavier Musketeers,157.5,145.5,155,True,NO,77.16,157.37817266787897,1,136.80535288307897
2025-11-10,Holy Cross Crusaders,Utah Utes,155.5,143.5,156,True,MAYBE,88.72,161.60089143664004,1,142.42339493972256
2025-11-10,St. Thomas (MN) Tommies,Washington St Cougars,160.5,148.5,152,True,NO,86.33999999999999,164.19141193658507,1,146.08074918297035
2025-11-10,CSU Fullerton Titans,California Golden Bears,156.5,144.5,158,True,MAYBE,89.64,163.9977304477502,1,144.06320152729498
2025-11-10,West Georgia Wolves,UCLA Bruins,148.5,136.5,145,True,MAYBE,98.76,171.98156965852053,1,151.39931321995923
2025-11-11,LIU Sharks,Air Force Falcons,138.5,126.5,148,True,NO,76.64,141.42470994461655,1,116.41338816242607
2025-11-11,UMBC Retrievers,Morgan St Bears,166.5,154.5,160,True,NO,64.34,161.7283004317506,1,137.30920218862127
2025-11-11,Appalachian St Mountaineers,Ohio State Buckeyes,148.5,136.5,128,False,MAYBE,90.48,156.1285032978765,0,136.7390069444945
2025-11-11,Lipscomb Bisons,UNC Asheville Bulldogs,155.5,143.5,133,False,NO,76.96,156.55639123404998,1,133.85803708877637
2025-11-11,Wake Forest Demon Deacons,Michigan Wolverines,164.5,152.5,169,True,NO,66.42,161.16948744785856,1,135.1221808656214
2025-11-11,Navy Midshipmen,Penn State Nittany Lions,154.5,142.5,151,True,NO,81.94,160.23407405358796,1,135.92820557749434
2025-11-11,Alcorn St Braves,Maryland Terrapins,151.5,139.5,148,True,NO,85.46000000000001,157.63689259343036,1,135.98842548530317
2025-11-11,Duke Blue Devils,Army Knights,149.5,137.5,173,True,MAYBE,93.47999999999999,162.04496653775757,0,141.21130562861873
2025-11-11,Central Connecticut St Blue Devils,Boston College Eagles,143.5,131.5,119,False,NO,76.52,143.85990240378067,1,122.35180690298168
2025-11-11,Bucknell Bison,Princeton Tigers,144.5,132.5,136,True,NO,87.94,151.8092734441699,1,130.75475146554066
2025-11-11,Chicago St Cougars,Butler Bulldogs,162.5,150.5,164,True,NO,79.3,164.20220063928627,1,142.42652953059735
2025-11-11,Davidson Wildcats,Charlotte 49ers,143.5,131.5,117,False,NO,87.83999999999999,155.76748087738525,1,128.9654923640814
2025-11-11,Dayton Flyers,Cincinnati Bearcats,146.5,134.5,136,True,NO,76.62,147.1139429113204,1,125.53081426104056
2025-11-11,Morehead St Eagles,Clemson Tigers,146.5,134.5,139,True,MAYBE,91.97999999999999,155.952461859687,0,136.18510601779207
2025-11-11,Winthrop Eagles,Coastal Carolina Chanticleers,163.5,151.5,138,False,NO,60.72,159.23311916086507,1,127.8520466091452
2025-11-11,Drexel Dragons,Colgate Raiders,137.5,125.5,173,True,MAYBE,94.19999999999999,152.07252643878996,0,130.07357428482268
2025-11-11,Florida A&M Rattlers,UCF Knights,167.5,155.5,157,True,NO,80.7,167.1190934366656,1,149.73554142662752
2025-11-11,Florida St Seminoles,Florida Gators,178.5,166.5,154,False,NO,42.42,163.54665400119976,1,145.08855546478097
2025-11-11,Wagner Seahawks,Fordham Rams,136.5,124.5,124,False,MAYBE,88.7,151.45676481162576,1,122.85458368449636
2025-11-11,Northeastern Huskies,Harvard Crimson,143.5,131.5,137,True,MAYBE,91.74,153.9127589582532,0,133.36953456318378
2025-11-11,Jacksonville Dolphins,High Point Panthers,156.5,144.5,149,True,NO,70.64,160.56283422781505,1,126.16733016326617
2025-11-11,La Salle Explorers,Temple Owls,150.5,138.5,153,True,YES,96.46000000000001,163.8983037746896,0,145.43504240673528
2025-11-11,NJIT Highlanders,Loyola (MD) Greyhounds,144.5,132.5,130,False,NO,60.440000000000005,139.13994428635576,1,110.82512836878544
2025-11-11,Mt. St. Mary's Mountaineers,St. Francis (PA) Red Flash,149.5,137.5,140,True,NO,10.68,118.41270554829985,1,99.14267394966026
2025-11-11,Norfolk St Spartans,Old Dominion Monarchs,149.5,137.5,117,False,NO,82.6,152.18843052956808,1,132.3365556482963
2025-11-11,Northwestern St Demons,North Alabama Lions,145.5,133.5,170,True,MAYBE,91.62,157.89171035855588,0,135.04834475322434
2025-11-11,Radford Highlanders,North Carolina Tar Heels,155.5,143.5,163,True,MAYBE,92.10000000000001,166.03701444500544,0,145.61991003356147
2025-11-11,Pennsylvania Quakers,Providence Friars,170.5,158.5,187,True,NO,79.94,174.4133929545586,1,150.441979973966
2025-11-11,Stonehill Skyhawks,Rhode Island Rams,149.5,137.5,137,False,NO,78.56,152.10564855801576,2,128.76791080684941
2025-11-11,William & Mary Tribe,Richmond Spiders,157.5,145.5,176,True,NO,85.26,164.60327253587678,1,141.48548635527587
2025-11-11,Sacred Heart Pioneers,Villanova Wildcats,159.5,147.5,154,True,NO,81.32000000000001,166.6189648794573,1,139.64310144626828
2025-11-11,Toledo Rockets,Wright St Raiders,157.5,145.5,152,True,MAYBE,88.56,162.4216283897729,1,144.26031980942486
2025-11-11,Alabama St Hornets,UAB Blazers,162.5,150.5,151,True,NO,72.2,162.01048194379638,1,137.43251718032292
2025-11-11,Eastern Illinois Panthers,Notre Dame Fighting Irish,144.5,132.5,136,True,NO,83.67999999999999,151.1531896682483,1,126.99773352424906
2025-11-11,Yale Bulldogs,Quinnipiac Bobcats,155.5,143.5,157,True,NO,87.14,165.66444844936444,1,140.71829613632582
2025-11-11,Central Arkansas Bears,Arkansas Razorbacks,157.5,145.5,149,True,MAYBE,90.82000000000001,162.6134207761264,0,145.98199346778802
2025-11-11,Arkansas St Red Wolves,Missouri St Bears,151.5,139.5,171,True,MAYBE,94.34,158.97466481282123,0,142.83886628474775
2025-11-11,Arkansas-Pine Bluff Golden Lions,Oklahoma Sooners,167.5,155.5,164,True,NO,70.58,164.45174483943526,1,142.8274260888438
2025-11-11,Wofford Terriers,Auburn Tigers,153.5,141.5,155,True,MAYBE,89.84,167.74411655182453,1,141.36765916509916
2025-11-11,Buffalo Bulls,DePaul Blue Demons,153.5,141.5,119,False,NO,86.4,161.56293276175813,1,138.6229768795358
2025-11-11,Queens University Royals,Duquesne Dukes,159.5,147.5,168,True,YES,95.5,169.58517075955044,0,152.8210146128036
2025-11-11,Tulane Green Wave,Louisiana Ragin' Cajuns,136.5,124.5,128,True,YES,99.11999999999999,157.56955752024916,0,139.65582683042877
2025-11-11,Merrimack Warriors,Tarleton State Texans,141.5,129.5,138,True,MAYBE,92.44,154.31773134583983,0,131.98740763491912
2025-11-11,Murray St Racers,SMU Mustangs,163.5,151.5,193,True,MAYBE,88.7,171.4889856290991,1,150.1791425606763
2025-11-11,Kentucky Wildcats,Louisville Cardinals,175.5,163.5,184,True,NO,55.54,166.45312397473302,1,142.83685117643284
2025-11-11,Austin Peay Governors,Wyoming Cowboys,154.5,142.5,144,True,NO,67.94,154.27589727024213,1,124.55547284841836
2025-11-11,Ball State Cardinals,Wisconsin Badgers,153.5,141.5,141,False,NO,87.72,160.6418426582032,1,139.55356624941024
2025-11-11,Texas Tech Red Raiders,Illinois Fighting Illini,165.5,153.5,158,True,NO,71.84,164.681452608736,1,140.79759831202193
2025-11-11,Northern Arizona Lumberjacks,Arizona Wildcats,164.5,152.5,133,False,NO,72.38,163.63934183636098,1,140.40157011361137
2025-11-11,Delaware Blue Hens,BYU Cougars,163.5,151.5,153,True,NO,81.86,164.66778320042718,1,146.2398072636872
2025-11-11,Hampton Pirates,Virginia Cavaliers,149.5,137.5,144,True,NO,87.44,159.30812550787766,1,134.97666659921967
2025-11-11,Memphis Tigers,Ole Miss Rebels,156.5,144.5,160,True,NO,85.74000000000001,158.26443007074994,1,141.62444737124005
2025-11-11,UC Riverside Highlanders,New Mexico Lobos,143.5,131.5,150,True,YES,95.58,155.9048408099171,0,137.80555128011582
2025-11-11,Western Illinois Leathernecks,CSU Bakersfield Roadrunners,143.5,131.5,132,True,MAYBE,91.22,155.85647183877174,0,132.8340815449035
2025-11-11,Creighton Bluejays,Gonzaga Bulldogs,167.5,155.5,153,False,NO,60.14000000000001,161.16989211896896,1,135.1812927589697
2025-11-11,Montana Grizzlies,UNLV Rebels,156.5,144.5,195,True,MAYBE,91.88,170.93647032168138,0,146.86786463844223
2025-11-11,Ohio Bobcats,Saint Mary's Gaels,144.5,132.5,150,True,MAYBE,94.08,157.5117247599523,0,137.1547638627877
2025-11-11,UC Santa Barbara Gauchos,Sacramento St Hornets,161.5,149.5,179,True,NO,85.61999999999999,167.34011734688258,1,145.83428884192358
2025-11-12,Binghamton Bearcats,Georgetown Hoyas,144.5,132.5,153,True,YES,97.39999999999999,159.67753649522933,0,141.9455479440755
2025-11-12,Brown Bears,Boston Univ. Terriers,133.5,121.5,167,True,NO,84.76,136.34461272029034,1,117.87237470505067
2025-11-12,Mercyhurst Lakers,Canisius Golden Griffins,140.5,128.5,113,False,NO,59.099999999999994,133.72515088234314,1,108.64494493971239
2025-11-12,Coppin St Eagles,South Florida Bulls,170.5,158.5,150,False,NO,62.580000000000005,163.49933793559907,1,143.504214747124
2025-11-12,Northern Kentucky Norse,East Tennessee St Buccaneers,143.5,131.5,165,True,MAYBE,92.02,154.7809891983426,0,133.45119913784947
2025-11-12,Elon Phoenix,Marshall Thundering Herd,152.5,140.5,185,True,MAYBE,94.46,164.59182417755207,0,144.82969402217245
2025-11-12,Fort Wayne Mastodons,Western Michigan Broncos,160.5,148.5,154,True,NO,75.1,161.6830504111514,1,136.4458802810056
2025-11-12,Milwaukee Panthers,Indiana Hoosiers,165.5,153.5,171,True,NO,64.66,163.54515402628138,1,133.00715187144047
2025-11-12,James Madison Dukes,Longwood Lancers,153.5,141.5,154,True,YES,95.82000000000001,168.01377920911773,0,148.67904252258657
2025-11-12,North Florida Ospreys,Tennessee Volunteers,154.5,142.5,165,True,MAYBE,88.28,165.78383576846159,1,140.9924476796628
2025-11-12,Presbyterian Blue Hose,South Carolina Gamecocks,137.5,125.5,142,True,MAYBE,91.3,150.97261565420692,0,126.59233675253975
2025-11-12,Saint Joseph's Hawks,Virginia Tech Hokies,156.5,144.5,153,True,NO,77.92,159.2132023411303,1,134.92016673918243
2025-11-12,Saint Peter's Peacocks,VCU Rams,147.5,135.5,139,True,NO,83.96000000000001,154.04373814844658,1,130.64069781045998
2025-11-12,Siena Saints,St. Bonaventure Bonnies,140.5,128.5,141,True,YES,97.92,154.99461107791387,0,138.23742315426063
2025-11-12,Arkansas-Little Rock Trojans,Marquette Golden Eagles,156.5,144.5,138,False,NO,66.52,151.6048743909009,1,130.5560988382495
2025-11-12,Eastern Kentucky Colonels,Vanderbilt Commodores,170.5,158.5,154,False,NO,78.06,172.17042096609433,1,149.8824193055747
2025-11-12,Middle Tennessee Blue Raiders,Evansville Purple Aces,142.5,130.5,149,True,MAYBE,93.14,153.910087647766,0,133.61964391179492
2025-11-12,Oakland Golden Grizzlies,Houston Cougars,136.5,124.5,123,False,YES,97.16,158.40571905118074,0,133.54403784090854
2025-11-12,Minnesota Golden Gophers,Missouri Tigers,156.5,144.5,143,False,NO,82.14,159.36442735938238,1,138.96256475960197
2025-11-12,UNC Greensboro Spartans,NC State Wolfpack,155.5,143.5,174,True,MAYBE,89.24,167.78611076933186,1,142.7536164651678
2025-11-12,Nicholls St Colonels,Valparaiso Beacons,146.5,134.5,131,False,NO,78.94,148.1866997905775,1,126.94697106882809
2025-11-12,Prairie View Panthers,Oklahoma St Cowboys,169.5,157.5,161,True,NO,70.96000000000001,168.19843606266988,1,144.89349629239533
2025-11-12,Tulsa Golden Hurricane,Oral Roberts Golden Eagles,159.5,147.5,175,True,MAYBE,88.34,166.53956116333347,1,145.95813655370756
2025-11-12,Samford Bulldogs,Texas Southern Tigers,152.5,140.5,183,True,NO,80.16,159.63933466075304,1,130.3631582015705
2025-11-12,Southern Indiana Screaming Eagles,South Dakota Coyotes,166.5,154.5,163,True,NO,70.88,166.4855973328311,2,139.31647553856777
2025-11-12,UTSA Roadrunners,Texas State Bobcats,147.5,135.5,149,True,NO,74.94,152.27476189791048,1,121.71810238281854
2025-11-12,Tenn-Martin Skyhawks,Bradley Braves,143.5,131.5,145,True,NO,80.76,143.76270008381746,1,125.26372735068043
2025-11-12,Dartmouth Big Green,Bryant Bulldogs,148.5,136.5,157,True,NO,75.68,152.8290473561451,1,125.04147126163416
2025-11-12,Cal Poly Mustangs,Colorado St Rams,167.5,155.5,172,True,NO,76.94,166.79205279117713,1,147.585631603859
2025-11-12,UC San Diego Tritons,Fresno St Bulldogs,151.5,139.5,151,True,MAYBE,91.22,158.58706346506156,0,140.43908775195666
2025-11-12,Idaho Vandals,San Diego Toreros,158.5,146.5,152,True,MAYBE,91.18,166.77431170310174,0,147.64010169051832
2025-11-12,Weber State Wildcats,Utah State Aggies,153.5,141.5,156,True,NO,85.5,165.12288207160887,1,136.74800535110987
2025-11-12,North Texas Mean Green,Oregon St Beavers,136.5,124.5,174,True,NO,85.98,146.503612046102,1,120.86988017532614
2025-11-12,South Dakota St Jackrabbits,Oregon Ducks,142.5,130.5,152,True,MAYBE,91.75999999999999,155.8492741849216,0,132.3391390170473
2025-11-12,Eastern Washington Eagles,Seattle Redhawks,149.5,137.5,161,True,MAYBE,94.3,159.9043132124488,0,141.5843864357924
2025-11-12,Long Beach St 49ers,Pacific Tigers,145.5,133.5,135,True,MAYBE,92.72,156.0888853900421,0,136.1493521966509
2025-11-12,Montana St Bobcats,Stanford Cardinal,150.5,138.5,145,True,NO,83.5,156.02208370835174,1,133.31956775148416
2025-11-12,Southern Illinois Salukis,Nevada Wolf Pack,148.5,136.5,167,True,MAYBE,90.68,157.2834310433615,0,137.0692761727135
2025-11-12,Portland St Vikings,San Francisco Dons,152.5,140.5,150,True,NO,74.38,155.17725489658858,1,127.9288322787967
2025-11-13,Central Michigan Chippewas,South Alabama Jaguars,142.5,130.5,130,False,NO,85.39999999999999,150.66111566853817,1,126.88264213794677
2025-11-13,Cornell Big Red,Lafayette Leopards,158.5,146.5,175,True,NO,84.8,164.67692873455343,1,142.33645411271215
2025-11-13,Pittsburgh Panthers,West Virginia Mountaineers,134.5,122.5,120,False,YES,96.5,147.37244653341196,0,129.3111719613795
2025-11-13,San José St Spartans,Michigan St Spartans,142.5,130.5,139,True,NO,87.14,153.0087481487461,1,127.90653647159715
2025-11-13,Purdue Boilermakers,Alabama Crimson Tide,175.5,163.5,167,True,NO,74.2,173.35538378386676,1,153.92222068399477
2025-11-13,Alcorn St Braves,Howard Bison,155.5,143.5,136,False,NO,70.38,155.8881192838893,1,127.24211480651356
2025-11-13,UMass Lowell River Hawks,Columbia Lions,156.5,144.5,158,True,NO,79.82000000000001,163.68396505038646,1,134.08681515642277
2025-11-13,Le Moyne Dolphins,Massachusetts Minutemen,157.5,145.5,174,True,MAYBE,89.38000000000001,164.29166606748808,2,145.0453220510546
2025-11-13,Monmouth Hawks,Seton Hall Pirates,138.5,126.5,128,True,MAYBE,93.12,150.60966192954373,0,129.40696536341977
2025-11-13,Southern Miss Golden Eagles,Grambling St Tigers,152.5,140.5,145,True,MAYBE,91.10000000000001,159.7849640260255,0,141.57278801115447
2025-11-13,Loyola (Chi) Ramblers,Wichita St Shockers,152.5,140.5,169,True,NO,76.82,156.37718377203234,1,131.2730592512725
2025-11-13,Charleston Southern Buccaneers,Alabama A&M Bulldogs,154.5,142.5,132,False,NO,84.14,157.5506281317032,1,138.41950340558165
2025-11-13,Green Bay Phoenix,St. Thomas (MN) Tommies,154.5,142.5,141,False,NO,86.72,158.49538324858253,1,140.15246112696863
2025-11-13,California Golden Bears,Kansas St Wildcats,162.5,150.5,195,True,NO,86.7,165.9905755233232,1,148.16239766336415
2025-11-14,Coppin St Eagles,Central Michigan Chippewas,144.5,132.5,141,True,NO,84.2,152.39785573430518,1,127.6046561287612
2025-11-14,Lehigh Mountain Hawks,Rutgers Scarlet Knights,140.5,128.5,156,True,MAYBE,89.94,152.03308731362202,1,128.4647180689418
2025-11-14,Albany Great Danes,Rhode Island Rams,151.5,139.5,141,True,NO,82.3,155.10039209171816,1,133.76680100176108
2025-11-14,Hofstra Pride,Bucknell Bison,139.5,127.5,160,True,MAYBE,93.82000000000001,149.4819834176704,0,131.0875986283868
2025-11-14,South Carolina St Bulldogs,Charleston Cougars,157.5,145.5,149,True,NO,80.30000000000001,156.30090142307995,1,139.80644759555517
2025-11-14,Coastal Carolina Chanticleers,Jacksonville St Gamecocks,138.5,126.5,141,True,NO,74.88,148.90395650540273,1,109.78286550454841
2025-11-14,Indiana St Sycamores,Duke Blue Devils,163.5,151.5,162,True,NO,66.53999999999999,159.31822862077027,1,135.78931055123857
2025-11-14,Eastern Illinois Panthers,Kentucky Wildcats,149.5,137.5,152,True,NO,84.76,155.7241577149456,1,132.95576466088693
2025-11-14,Stonehill Skyhawks,Fairfield Stags,145.5,133.5,144,True,NO,87.1,153.5484391526024,2,131.08277271961728
2025-11-14,Fordham Rams,Iona Gaels,158.5,146.5,147,True,NO,79.64,164.1274388668397,1,138.05706791879965
2025-11-14,Louisiana Ragin' Cajuns,McNeese Cowboys,135.5,123.5,150,True,NO,84.54,149.8553497093618,1,117.16784066759351
2025-11-14,Norfolk St Spartans,Towson Tigers,136.5,124.5,92,False,NO,83.06,142.99901645820458,1,119.03227478446156
2025-11-14,The Citadel Bulldogs,West Georgia Wolves,148.5,136.5,192,True,MAYBE,94.1,170.73832039628854,1,142.26397068428247
2025-11-14,CSU Bakersfield Roadrunners,Ole Miss Rebels,146.5,134.5,142,True,YES,96.2,160.81783214583248,0,141.89037209236972
2025-11-14,High Point Panthers,UAB Blazers,168.5,156.5,165,True,NO,66.03999999999999,166.06141124595004,1,138.71443420176627
2025-11-14,New Orleans Privateers,Tulane Green Wave,154.5,142.5,148,True,MAYBE,91.47999999999999,164.542975826023,0,144.10382395923943
2025-11-14,Samford Bulldogs,Arkansas Razorbacks,161.5,149.5,154,True,NO,80.30000000000001,163.3460406697666,1,142.1649252494116
2025-11-14,East Texas A&M Lions,Rice Owls,147.5,135.5,135,False,NO,78.64,153.33006499986038,1,125.13692250005633
2025-11-14,Milwaukee Panthers,Texas Tech Red Raiders,163.5,151.5,143,False,NO,68.28,164.3965757303108,1,133.72463796167716
2025-11-14,UCF Knights,Texas A&M Aggies,170.5,158.5,160,True,NO,74.7,171.781079275994,1,146.73414340708285
2025-11-14,Xavier Musketeers,Iowa Hawkeyes,142.5,130.5,143,True,MAYBE,92.17999999999999,157.01612334511992,0,132.87303881329
2025-11-14,Hampton Pirates,Brown Bears,143.5,131.5,135,True,NO,74.48,145.2227289609125,1,119.11145059114504
2025-11-14,Northwestern Wildcats,DePaul Blue Demons,139.5,127.5,160,True,MAYBE,93.47999999999999,157.8179190648069,0,131.86285085809112
2025-11-14,Tarleton State Texans,Baylor Bears,153.5,141.5,175,True,YES,95.8,165.59403147041647,0,148.28477666259062
2025-11-14,Cal Poly Mustangs,Montana Grizzlies,170.5,158.5,172,True,NO,69.44,168.42760523953842,1,144.43436364039826
2025-11-14,Colgate Raiders,Illinois Fighting Illini,164.5,152.5,149,False,NO,77.28,166.00329906114973,1,142.95685081126447
2025-11-14,Providence Friars,Colorado Buffaloes,163.5,151.5,185,True,MAYBE,92.84,172.82693263016074,0,154.36869825790427
2025-11-14,Georgia Tech Yellow Jackets,Georgia Bulldogs,149.5,137.5,179,True,NO,85.06,156.22873601198933,1,133.51356312603596
2025-11-14,Michigan Wolverines,TCU Horned Frogs,157.5,145.5,130,False,NO,72.08,158.28776223582318,1,131.47941947667658
2025-11-14,North Carolina Central Eagles,North Carolina Tar Heels,160.5,148.5,150,True,NO,80.67999999999999,159.29238750888035,1,142.89857692373076
2025-11-14,Sacramento St Hornets,UC Davis Aggies,150.5,138.5,150,True,MAYBE,91.22,159.22094239391842,0,139.54588471064264
2025-11-14,Arizona Wildcats,UCLA Bruins,154.5,142.5,134,False,NO,83.02000000000001,157.72046239365235,1,137.7277528655323
2025-11-14,North Texas Mean Green,Saint Mary's Gaels,130.5,118.5,129,True,MAYBE,89.22,144.02086370981516,1,117.75040833846042
2025-11-14,Western Illinois Leathernecks,Cal Baptist Lancers,143.5,131.5,128,False,NO,87.0,150.30884027804845,1,128.90108106888238
2025-11-14,Gonzaga Bulldogs,Arizona St Sun Devils,160.5,148.5,142,False,NO,76.28,163.87037686329117,1,137.1408828877302
2025-11-14,Washington Huskies,Washington St Cougars,160.5,148.5,150,True,MAYBE,88.18,167.01464001480278,1,146.83577940911894
2025-11-15,Coppin St Eagles,South Alabama Jaguars,137.5,125.5,134,True,MAYBE,93.22,148.14956615231475,0,128.30542854795308
2025-11-15,Clemson Tigers,Georgetown Hoyas,143.5,131.5,153,True,YES,97.1,157.94992402184326,0,140.23204160489564
2025-11-15,Ohio Bobcats,Louisville Cardinals,175.5,163.5,187,True,NO,66.47999999999999,169.96858671784992,1,149.84188697207458
2025-11-15,Marshall Thundering Herd,Virginia Cavaliers,155.5,143.5,182,True,MAYBE,91.3,164.78530275399183,0,144.83991780226594
2025-11-15,Merrimack Warriors,Boston Univ. Terriers,135.5,123.5,170,True,NO,76.62,135.97247468139878,1,114.92343256593806
2025-11-15,Cleveland St Vikings,Kent State Golden Flashes,163.5,151.5,197,True,MAYBE,88.78,171.62209246401494,1,150.19831807063085
2025-11-15,Delaware St Hornets,New Haven Chargers,134.5,122.5,117,False,NO,69.84,136.94898816441648,1,108.64150814546394
2025-11-15,Detroit Mercy Titans,Toledo Rockets,161.5,149.5,173,True,NO,87.8,167.26519482459446,1,147.90350282552177
2025-11-15,Jacksonville Dolphins,VMI Keydets,151.5,139.5,136,False,NO,65.84,153.9081697341133,1,113.50191542899015
2025-11-15,Vermont Catamounts,Northeastern Huskies,136.5,124.5,159,True,YES,97.32,157.50483992593232,0,134.42964479941136
2025-11-15,Stony Brook Seawolves,Yale Bulldogs,150.5,138.5,165,True,MAYBE,92.16,165.28780073096863,0,141.2668577637299
2025-11-15,Miami (OH) RedHawks,Air Force Falcons,143.5,131.5,137,True,NO,84.28,156.0904291053803,1,125.03518944714803
2025-11-15,Harvard Crimson,Army Knights,148.5,136.5,127,False,MAYBE,92.64,157.5688771692315,0,138.72822470634623
2025-11-15,Austin Peay Governors,UNC Greensboro Spartans,144.5,132.5,132,False,NO,79.17999999999999,152.07266933326935,1,122.39718082887987
2025-11-15,Wofford Terriers,Bellarmine Knights,158.5,146.5,180,True,NO,84.78,166.75295150300545,1,141.64670537997063
2025-11-15,Boston College Eagles,Temple Owls,144.5,132.5,147,True,YES,95.86,158.4575241451877,0,139.1416689558897
2025-11-15,Butler Bulldogs,SMU Mustangs,169.5,157.5,172,True,NO,64.74,164.12528781539277,1,142.05918138856325
2025-11-15,UIC Flames,Chicago St Cougars,157.5,145.5,130,False,NO,36.26,139.93178185371886,1,120.14547680650398
2025-11-15,UTSA Roadrunners,Denver Pioneers,149.5,137.5,163,True,MAYBE,89.36,162.3002324629522,1,136.9456509955849
2025-11-15,New Hampshire Wildcats,George Mason Patriots,146.5,134.5,105,False,NO,74.36,153.13518783353987,1,122.15999438581179
2025-11-15,Princeton Tigers,Kansas Jayhawks,146.5,134.5,133,False,MAYBE,88.58,152.3782417221911,1,133.4592373803127
2025-11-15,Loyola (MD) Greyhounds,Stonehill Skyhawks,140.5,128.5,137,True,NO,75.2,143.5476710370829,2,115.92815712717496
2025-11-15,Maryland Terrapins,Marquette Golden Eagles,146.5,134.5,171,True,MAYBE,93.4,158.0272349033763,0,137.76352048503668
2025-11-15,Mercer Bears,Winthrop Eagles,164.5,152.5,174,True,NO,72.48,164.523100673033,1,139.94236232313827
2025-11-15,Arkansas-Pine Bluff Golden Lions,Vanderbilt Commodores,175.5,163.5,179,True,NO,81.47999999999999,175.3877219408908,1,157.72292525259394
2025-11-15,Binghamton Bearcats,Longwood Lancers,148.5,136.5,172,True,MAYBE,93.52000000000001,160.88865607256554,0,140.01319454564927
2025-11-15,Sacred Heart Pioneers,Queens University Royals,166.5,154.5,145,False,NO,82.19999999999999,173.00915131223843,1,147.43497558568157
2025-11-15,Wright St Raiders,Radford Highlanders,158.5,146.5,151,True,NO,80.72,160.8945323688909,1,139.58408197579098
2025-11-15,Montana St Bobcats,Boise State Broncos,149.5,137.5,120,False,NO,74.94,152.36278103568483,1,125.81802887825003
2025-11-15,Idaho Vandals,UC San Diego Tritons,150.5,138.5,142,True,MAYBE,94.24,161.9424369572357,0,142.733661184066
2025-11-15,Morgan St Bears,Mercyhurst Lakers,144.5,132.5,158,True,NO,41.22,128.78062772944415,1,104.8170608772157
2025-11-15,Youngstown St Penguins,St. Bonaventure Bonnies,143.5,131.5,164,True,MAYBE,93.60000000000001,153.92125748716717,0,134.9516075460541
2025-11-15,UTEP Miners,Utah State Aggies,151.5,139.5,126,False,NO,77.03999999999999,157.0358522594249,1,129.32090987633183
2025-11-15,Pacific Tigers,CSU Fullerton Titans,156.5,144.5,158,True,NO,85.08,160.42495153397905,1,140.772210075195
2025-11-15,North Dakota Fighting Hawks,UC Riverside Highlanders,146.5,134.5,150,True,NO,80.36,154.80602572342343,1,125.23815851325378
2025-11-15,Texas Southern Tigers,Texas State Bobcats,147.5,135.5,144,True,NO,75.64,153.6226180637514,1,121.01074951613047
2025-11-15,Nicholls St Colonels,Murray St Racers,160.5,148.5,178,True,NO,78.94,161.70555598449863,1,141.4144467486049
2025-11-15,Bowling Green Falcons,Davidson Wildcats,146.5,134.5,178,True,NO,79.10000000000001,152.5626353779257,1,124.76066983413685
2025-11-15,Missouri St Bears,UT-Arlington Mavericks,146.5,134.5,116,False,YES,97.86,163.75915352629363,0,145.4229821473184
2025-11-15,William & Mary Tribe,St. John's Red Storm,177.5,165.5,153,False,NO,59.160000000000004,169.6616477304416,1,146.38497171329675
2025-11-15,BYU Cougars,UConn Huskies,153.5,141.5,170,True,NO,87.33999999999999,162.00937701492634,1,139.31815444382565
2025-11-15,Jackson St Tigers,Louisiana Tech Bulldogs,146.5,134.5,119,False,NO,75.4,148.92470162697458,1,124.10234198664672
2025-11-15,James Madison Dukes,LIU Sharks,147.5,135.5,167,True,NO,82.24000000000001,151.06425558643764,1,129.7271254891587
2025-11-15,Oklahoma Sooners,Nebraska Cornhuskers,160.5,148.5,204,True,NO,85.74000000000001,166.91447350304614,1,144.7864572723975
2025-11-15,Nevada Wolf Pack,Santa Clara Broncos,148.5,136.5,181,True,MAYBE,91.3,155.51081199798884,0,137.361421822353
2025-11-15,Bethune-Cookman Wildcats,Dayton Flyers,148.5,136.5,173,True,NO,81.62,153.48628305669882,1,129.7716733226995
2025-11-15,Belmont Bruins,Oral Roberts Golden Eagles,172.5,160.5,143,False,NO,59.72,164.07731878087296,1,145.10141706518323
2025-11-15,Duquesne Dukes,Villanova Wildcats,149.5,137.5,164,True,YES,95.98,162.86349603595016,0,144.17499810103564
2025-11-15,Gardner-Webb Bulldogs,Elon Phoenix,149.5,137.5,179,True,MAYBE,88.24,155.60551437431556,1,136.3210350582276
2025-11-15,Grand Canyon Antelopes,Saint Louis Billikens,170.5,158.5,142,False,NO,48.42,157.93007280951082,1,133.03132276225944
2025-11-15,Southern Utah Thunderbirds,Omaha Mavericks,155.5,143.5,175,True,NO,71.88,157.99868353555038,1,128.12274288272886
2025-11-15,Green Bay Phoenix,Minnesota Golden Gophers,146.5,134.5,137,True,NO,86.53999999999999,153.53458319997037,1,131.54102402231308
2025-11-15,New Mexico Lobos,New Mexico St Aggies,139.5,127.5,144,True,YES,97.58,152.9886484849274,0,136.57433419606636
2025-11-15,Portland Pilots,Wyoming Cowboys,162.5,150.5,149,False,NO,65.32,159.73596756052794,1,130.34529233181834
2025-11-15,Sam Houston St Bearkats,Utah Utes,156.5,144.5,164,True,MAYBE,88.62,163.41276953256443,1,143.235443600393
2025-11-15,Bradley Braves,San Francisco Dons,147.5,135.5,139,True,MAYBE,92.74,156.0386827063613,0,138.02667225811774
2025-11-15,Utah Valley Wolverines,Fresno St Bulldogs,155.5,143.5,149,True,NO,75.14,155.87811601886898,1,133.10280954883171
2025-11-15,Idaho State Bengals,Seattle Redhawks,143.5,131.5,157,True,MAYBE,90.68,150.6620098857089,0,131.95723322491568
2025-11-15,Weber State Wildcats,UC Irvine Anteaters,149.5,137.5,149,True,NO,63.839999999999996,151.77525395809334,1,109.59295980197838
2025-11-16,Appalachian St Mountaineers,Dartmouth Big Green,141.5,129.5,162,True,NO,82.78,152.25066685875163,1,122.54116928806874
2025-11-16,Wagner Seahawks,UMBC Retrievers,144.5,132.5,141,True,NO,85.18,154.09608499277857,1,127.52161911032408
2025-11-16,Notre Dame Fighting Irish,Ohio State Buckeyes,152.5,140.5,127,False,NO,86.9,161.19176787320777,1,137.70823490533104
2025-11-16,Bryant Bulldogs,Valparaiso Beacons,146.5,134.5,118,False,NO,78.7,145.8391293058791,1,127.5305008405679
2025-11-16,Stetson Hatters,Western Carolina Catamounts,155.5,143.5,141,False,NO,74.33999999999999,157.38037514856396,1,130.65831391641714
2025-11-16,Samford Bulldogs,Central Arkansas Bears,149.5,137.5,161,True,MAYBE,88.08,156.94757471671585,1,136.129027264315
2025-11-16,Central Connecticut St Blue Devils,Massachusetts Minutemen,141.5,129.5,161,True,MAYBE,92.30000000000001,150.584312999262,0,131.38035570216363
2025-11-16,Charlotte 49ers,Virginia Tech Hokies,147.5,135.5,160,True,MAYBE,91.32000000000001,161.68920766970794,0,137.25953146316348
2025-11-16,South Florida Bulls,Kennesaw St Owls,176.5,164.5,197,True,NO,73.58,173.5934949615422,1,154.67659514155758
2025-11-16,Quinnipiac Bobcats,Maine Black Bears,139.5,127.5,134,True,MAYBE,88.58,149.17240728117068,1,126.06037683299647
2025-11-16,Western Michigan Broncos,South Dakota Coyotes,173.5,161.5,161,False,NO,60.96,167.9014364903452,1,138.30475574889988
2025-11-16,UMass Lowell River Hawks,Wake Forest Demon Deacons,163.5,151.5,184,True,NO,71.92,163.52706275208294,1,138.11221620980996
2025-11-16,Houston Cougars,Auburn Tigers,139.5,127.5,145,True,YES,95.92,154.18143015585406,0,134.7555298703806
2025-11-16,Tennessee St Tigers,Western Kentucky Hilltoppers,168.5,156.5,177,True,NO,70.06,165.2803088396993,1,143.80668365837465
2025-11-16,Presbyterian Blue Hose,Sacramento St Hornets,154.5,142.5,126,False,NO,73.64,156.20519038785704,1,129.55484277755667
2025-11-16,Colorado St Rams,Loyola (Chi) Ramblers,145.5,133.5,147,True,MAYBE,90.72,159.59911905557104,0,133.9517104181204
2025-11-16,UNLV Rebels,Memphis Tigers,161.5,149.5,170,True,NO,87.06,166.23879903376346,1,147.0810845205411
2025-11-16,Mt. St. Mary's Mountaineers,Cincinnati Bearcats,147.5,135.5,127,False,NO,77.36,149.3257589849848,1,126.4826129489301
2025-11-16,Illinois St Redbirds,Long Beach St 49ers,142.5,130.5,162,True,MAYBE,94.24,157.8666804223034,0,135.36683038267896
2025-11-16,Akron Zips,Purdue Boilermakers,160.5,148.5,176,True,YES,95.66,172.0188539706424,0,154.62102887251535
2025-11-17,Florida A&M Rattlers,Georgia Bulldogs,170.5,158.5,144,False,NO,67.12,165.83682549407075,1,144.75048054806928
2025-11-17,Colgate Raiders,Siena Saints,150.5,138.5,141,True,MAYBE,91.28,159.66671620976956,0,139.84977267756426
2025-11-17,Lafayette Leopards,West Virginia Mountaineers,133.5,121.5,140,True,YES,98.86,149.9693667417141,0,133.92486006060838
2025-11-17,Niagara Purple Eagles,Le Moyne Dolphins,144.5,132.5,142,True,MAYBE,94.46,156.86711096238304,1,136.97092266945955
2025-11-17,VCU Rams,NC State Wolfpack,166.5,154.5,164,True,NO,76.3,168.00229530028452,1,143.99853715095045
2025-11-17,Oakland Golden Grizzlies,UCF Knights,160.5,148.5,170,True,MAYBE,89.32,173.5616155542055,1,147.74440694027237
2025-11-17,Saint Joseph's Hawks,Pennsylvania Quakers,162.5,150.5,157,True,NO,74.28,163.77918696944354,1,137.88948584920436
2025-11-17,West Georgia Wolves,Tennessee Tech Golden Eagles,152.5,140.5,120,False,MAYBE,91.60000000000001,173.22881706206823,1,142.75456871908247
2025-11-17,Drake Bulldogs,Charleston Cougars,147.5,135.5,133,False,NO,85.02,152.21469262131382,1,131.8693923129385
2025-11-17,Bucknell Bison,Pittsburgh Panthers,143.5,131.5,134,True,MAYBE,89.68,151.53420136998315,1,131.23922128029923
2025-11-17,Tulsa Golden Hurricane,Kansas St Wildcats,164.5,152.5,167,True,NO,84.52,166.88402011679332,1,148.7606955405785
2025-11-17,Southern Illinois Salukis,North Dakota St Bison,153.5,141.5,177,True,NO,70.16,155.3668617241054,1,123.64313117339594
2025-11-17,Prairie View Panthers,Missouri Tigers,163.5,151.5,164,True,NO,84.76,167.07793900962864,1,147.68152638963412
2025-11-17,Stonehill Skyhawks,Iowa State Cyclones,146.5,134.5,153,True,NO,84.26,154.12290575856102,2,129.69864594245945
2025-11-17,Rice Owls,Tennessee Volunteers,142.5,130.5,157,True,YES,95.17999999999999,157.7215725608903,0,135.92058529237525
2025-11-17,Alabama St Hornets,Colorado Buffaloes,156.5,144.5,160,True,MAYBE,92.62,166.33638282117036,0,147.15093171246306
2025-11-17,Georgia St Panthers,Arizona St Sun Devils,146.5,134.5,137,True,MAYBE,89.56,157.0244380107626,1,134.07373760984524
2025-11-17,North Alabama Lions,Clemson Tigers,144.5,132.5,142,True,MAYBE,91.58,154.8505172648603,0,134.10300528797535
2025-11-17,Southern Utah Thunderbirds,Gonzaga Bulldogs,160.5,148.5,172,True,NO,73.92,165.91842687213725,1,132.57417542850877
2025-11-17,CSU Bakersfield Roadrunners,Portland St Vikings,145.5,133.5,173,True,NO,84.98,157.13017512970538,1,127.9932722506637
2025-11-17,Oregon St Beavers,Oregon Ducks,142.5,130.5,162,True,YES,96.66,156.73403924821838,0,138.42759704299675
2025-11-18,American Eagles,Rutgers Scarlet Knights,145.5,133.5,151,True,NO,82.39999999999999,154.49785420865393,1,126.50497461114551
2025-11-18,Vermont Catamounts,Buffalo Bulls,141.5,129.5,184,True,YES,97.92,162.33723244107702,0,140.89639738835137
2025-11-18,Michigan St Spartans,Kentucky Wildcats,153.5,141.5,149,True,NO,73.94,155.2938554548348,1,128.42446110817255
2025-11-18,Hampton Pirates,Boston College Eagles,138.5,126.5,115,False,NO,86.64,149.08688671417403,1,123.2864327057843
2025-11-18,Boston Univ. Terriers,Columbia Lions,147.5,135.5,103,False,NO,76.74,149.72544196033837,1,125.13076754377364
2025-11-18,Holy Cross Crusaders,Brown Bears,141.5,129.5,117,False,NO,87.68,147.26340072011388,1,127.2167442943519
2025-11-18,Saint Peter's Peacocks,Delaware Blue Hens,142.5,130.5,151,True,MAYBE,92.4,155.06973739277123,0,133.31216764924892
2025-11-18,Eastern Michigan Eagles,Detroit Mercy Titans,153.5,141.5,134,False,NO,82.78,156.89057078048214,1,135.83660981608193
2025-11-18,NJIT Highlanders,Drexel Dragons,133.5,121.5,118,False,MAYBE,89.92,147.21702217294825,1,121.4477559943227
2025-11-18,Eastern Kentucky Colonels,Kent State Golden Flashes,159.5,147.5,171,True,NO,87.44,168.76846196195245,1,145.04637523368783
2025-11-18,Tenn-Martin Skyhawks,Florida St Seminoles,162.5,150.5,160,True,NO,61.5,154.54078831889544,1,136.19959934517442
2025-11-18,Jacksonville Dolphins,George Mason Patriots,135.5,123.5,136,True,NO,84.92,149.56656450395317,1,119.07011520459072
2025-11-18,Princeton Tigers,Iona Gaels,152.5,140.5,158,True,MAYBE,91.34,162.25575859681857,0,141.65382320072118
2025-11-18,Towson Tigers,James Madison Dukes,135.5,123.5,156,True,YES,96.2,155.41230253763572,0,132.70245369408994
2025-11-18,St. Francis (PA) Red Flash,Lehigh Mountain Hawks,153.5,141.5,141,False,NO,19.54,126.58535164072872,1,104.90981429153892
2025-11-18,North Carolina A&T Aggies,Morgan St Bears,159.5,147.5,152,True,NO,77.62,158.92213504407383,1,139.70681614792767
2025-11-18,Navy Midshipmen,North Carolina Tar Heels,161.5,149.5,134,False,NO,75.18,159.44084003370247,1,140.27801866570283
2025-11-18,New Hampshire Wildcats,Providence Friars,160.5,148.5,164,True,NO,70.92,164.96063987742917,1,133.0338305630326
2025-11-18,New Haven Chargers,Seton Hall Pirates,127.5,115.5,113,False,MAYBE,91.28,143.77057794547432,0,116.6014142042337
2025-11-18,Old Dominion Monarchs,Xavier Musketeers,150.5,138.5,168,True,MAYBE,92.75999999999999,161.33848507708842,0,141.21861602486507
2025-11-18,Radford Highlanders,South Carolina Gamecocks,155.5,143.5,145,True,MAYBE,90.0,163.08766942979116,0,143.50659145771712
2025-11-18,Georgia Southern Eagles,Georgia Tech Yellow Jackets,162.5,150.5,134,False,NO,59.14,154.54691225928636,1,131.47408019764126
2025-11-18,Abilene Christian Wildcats,Texas State Bobcats,137.5,125.5,112,False,NO,78.68,145.25529522699523,1,114.4128444535577
2025-11-18,Alcorn St Braves,LSU Tigers,157.5,145.5,188,True,MAYBE,90.86,164.78288546615195,0,146.26111436563357
2025-11-18,Winthrop Eagles,Arkansas Razorbacks,167.5,155.5,167,True,NO,74.86,165.39487015975908,1,145.98716514590095
2025-11-18,Arkansas-Little Rock Trojans,Murray St Racers,160.5,148.5,157,True,NO,10.52,127.24285436913371,1,105.45778934083043
2025-11-18,Arkansas-Pine Bluff Golden Lions,SMU Mustangs,169.5,157.5,166,True,NO,76.66,168.58007221573462,1,148.90925372833064
2025-11-18,Army Knights,Cornell Big Red,164.5,152.5,159,True,NO,79.94,168.34825844976677,1,144.77199688531
2025-11-18,Austin Peay Governors,Ole Miss Rebels,148.5,136.5,137,True,NO,80.60000000000001,155.81002436068817,1,129.0250079800053
2025-11-18,Chicago St Cougars,Minnesota Golden Gophers,149.5,137.5,120,False,NO,86.32,156.78605675934273,1,133.99438668099015
2025-11-18,Gardner-Webb Bulldogs,DePaul Blue Demons,153.5,141.5,155,True,NO,60.14000000000001,147.1351722049601,1,122.6433949647706
2025-11-18,UT-Arlington Mavericks,Evansville Purple Aces,141.5,129.5,160,True,NO,69.38,137.89993896020147,1,116.49645923923866
2025-11-18,Montana Grizzlies,Texas A&M Aggies,164.5,152.5,167,True,NO,75.8,168.964098789776,1,140.14924670726373
2025-11-18,Rhode Island Rams,Yale Bulldogs,155.5,143.5,163,True,MAYBE,88.62,163.58458323160545,1,142.31914246300417
2025-11-18,Wichita St Shockers,Boise State Broncos,153.5,141.5,121,False,NO,73.72,153.22252102697828,1,129.09051563946278
2025-11-18,Kansas Jayhawks,Duke Blue Devils,150.5,138.5,144,True,NO,82.64,152.85282063287696,1,132.97184232032146
2025-11-18,Fort Wayne Mastodons,Utah Utes,160.5,148.5,162,True,NO,84.61999999999999,163.97091350535365,1,144.23315994352765
2025-11-18,Grambling St Tigers,San Diego Toreros,149.5,137.5,146,True,YES,96.28,161.92800417312324,0,144.08230854570817
2025-11-18,Monmouth Hawks,Syracuse Orange,146.5,134.5,151,True,MAYBE,91.96,158.16821666893847,0,136.78199151210433
2025-11-18,New Orleans Privateers,Pepperdine Waves,154.5,142.5,169,True,NO,73.16,156.98161805810702,1,127.6617373293562
2025-11-18,Rider Broncs,Texas Longhorns,143.5,131.5,164,True,MAYBE,90.88000000000001,160.49008547143777,0,132.28977315561878
2025-11-18,Southern Jaguars,Washington Huskies,155.5,143.5,192,True,NO,87.0,160.5174609160763,1,141.1860943532819
2025-11-18,UC Riverside Highlanders,Cal Baptist Lancers,140.5,128.5,137,True,MAYBE,94.1,152.78412499750735,0,132.6959187714297
2025-11-18,Presbyterian Blue Hose,California Golden Bears,145.5,133.5,124,False,NO,85.06,154.95965747387592,1,129.13555377318875
2025-11-18,Idaho State Bengals,Santa Clara Broncos,144.5,132.5,119,False,MAYBE,92.04,154.54471932262607,0,134.44416945313273
2025-11-18,Louisiana Ragin' Cajuns,Stanford Cardinal,138.5,126.5,159,True,YES,97.88,154.49308946621585,0,136.6038482533512
2025-11-18,UC Davis Aggies,Nevada Wolf Pack,142.5,130.5,146,True,YES,95.19999999999999,152.36512427199204,0,135.6297359455804
2025-11-18,Northwestern St Demons,San Francisco Dons,146.5,134.5,148,True,MAYBE,92.88,158.2869550168177,0,137.3812738159455
2025-11-18,Troy Trojans,San Diego St Aztecs,138.5,126.5,215,True,MAYBE,91.9,156.91472175070317,0,128.75022965759536
2025-11-18,Sacramento St Hornets,UCLA Bruins,144.5,132.5,127,False,YES,97.61999999999999,161.66525413448093,0,142.45628202388755
2025-11-19,Alabama St Hornets,Air Force Falcons,140.5,128.5,130,True,MAYBE,91.12,153.26799969860312,0,130.06278803159742
2025-11-19,Harvard Crimson,Penn State Nittany Lions,142.5,130.5,164,True,MAYBE,94.16,159.30679067841862,0,135.57030758771657
2025-11-19,Middle Tennessee Blue Raiders,Michigan Wolverines,157.5,145.5,147,True,NO,78.25999999999999,160.0486175966088,1,136.06808089408915
2025-11-19,Arizona Wildcats,UConn Huskies,157.5,145.5,138,False,NO,79.16,161.22877436105352,1,136.51638626589826
2025-11-19,Bellarmine Knights,Notre Dame Fighting Irish,150.5,138.5,165,True,MAYBE,90.62,163.3982564039026,0,139.03333447288333
2025-11-19,Bethune-Cookman Wildcats,Ohio Bobcats,159.5,147.5,149,True,NO,49.0,146.90606283421104,1,122.54084312975131
2025-11-19,William & Mary Tribe,Bowling Green Falcons,165.5,153.5,156,True,NO,61.56,160.16308442996598,1,132.82230985103618
2025-11-19,Bryant Bulldogs,Virginia Tech Hokies,148.5,136.5,139,True,NO,85.16,153.88149395394413,1,132.5064209314418
2025-11-19,Chattanooga Mocs,South Carolina St Bulldogs,157.5,145.5,144,False,NO,79.36,156.0959294147982,1,139.52671771700273
2025-11-19,Valparaiso Beacons,Cleveland St Vikings,156.5,144.5,165,True,NO,82.58,159.99541955829366,1,138.85376969169138
2025-11-19,Loyola (MD) Greyhounds,Duquesne Dukes,147.5,135.5,170,True,MAYBE,92.38,163.04769018531331,0,137.81569906601163
2025-11-19,Hofstra Pride,Temple Owls,145.5,133.5,157,True,YES,98.02,160.83550278042853,0,144.62609036475703
2025-11-19,Howard Bison,Stetson Hatters,149.5,137.5,124,False,NO,74.32,155.30912347804116,1,121.3537411188739
2025-11-19,Louisiana Tech Bulldogs,Indiana St Sycamores,145.5,133.5,111,False,NO,75.5,147.83059574581134,1,121.13313693969562
2025-11-19,South Alabama Jaguars,Jacksonville St Gamecocks,136.5,124.5,136,True,NO,78.08,145.3226748277208,1,113.67379036217649
2025-11-19,Villanova Wildcats,La Salle Explorers,144.5,132.5,125,False,MAYBE,93.76,156.8424146143916,0,136.8749534004046
2025-11-19,Mt. St. Mary's Mountaineers,Maryland Terrapins,139.5,127.5,185,True,MAYBE,94.69999999999999,154.7780162064333,0,132.79382083487855
2025-11-19,North Florida Ospreys,Wofford Terriers,160.5,148.5,164,True,NO,74.46000000000001,165.5253147417665,1,134.49389049189205
2025-11-19,VMI Keydets,Richmond Spiders,152.5,140.5,141,True,NO,81.38,162.32881348198507,1,132.88662794070626
2025-11-19,Tennessee Tech Golden Eagles,South Carolina Upstate Spartans,149.5,137.5,172,True,NO,81.5,157.61145900150484,1,129.8302533939942
2025-11-19,Youngstown St Penguins,Toledo Rockets,161.5,149.5,167,True,NO,84.14,164.20895919039083,1,145.21495615201113
2025-11-19,Dayton Flyers,Marquette Golden Eagles,152.5,140.5,148,True,NO,85.48,155.3733207362446,1,137.58791436029233
2025-11-19,Maine Black Bears,Merrimack Warriors,127.5,115.5,137,True,YES,95.04,142.7614329806106,0,121.18427757043929
2025-11-19,Wyoming Cowboys,Sam Houston St Bearkats,159.5,147.5,148,True,NO,77.06,159.44352308464568,1,139.04958333779695
2025-11-19,UNC Asheville Bulldogs,Western Carolina Catamounts,154.5,142.5,153,True,NO,84.1,159.5792885491812,1,137.9470708726683
2025-11-19,UMass Lowell River Hawks,Bradley Braves,149.5,137.5,164,True,MAYBE,88.34,160.3136385206643,1,136.14895270534623
2025-11-19,North Dakota Fighting Hawks,Creighton Bluejays,157.5,145.5,135,False,NO,68.64,157.79932414896922,1,129.3713964972915
2025-11-19,South Florida Bulls,Oklahoma St Cowboys,181.5,169.5,198,True,NO,60.4,173.9963460856474,1,151.55415690284403
2025-11-19,UC Irvine Anteaters,Utah Valley Wolverines,145.5,133.5,151,True,NO,65.18,147.94100137712698,1,112.79059691991908
2025-11-19,Lipscomb Bisons,Belmont Bruins,156.5,144.5,143,False,NO,76.2,155.84526751251084,1,135.639973912801
2025-11-19,Alabama Crimson Tide,Illinois Fighting Illini,182.5,170.5,176,True,NO,59.38,174.96844188193626,1,151.41020821233718
2025-11-19,Jackson St Tigers,Auburn Tigers,155.5,143.5,178,True,MAYBE,91.22,166.97699285380637,0,144.86481010562414
2025-11-19,Arkansas St Red Wolves,Saint Mary's Gaels,145.5,133.5,157,True,MAYBE,94.62,158.71883613379828,0,138.85837419986584
2025-11-19,Campbell Fighting Camels,Weber State Wildcats,157.5,145.5,176,True,NO,72.14,162.32432058588722,1,127.72589084192634
2025-11-19,Southern Utah Thunderbirds,Washington St Cougars,158.5,146.5,172,True,NO,78.46,165.8435274671422,1,135.81253684661206
2025-11-20,Lindenwood Lions,Indiana Hoosiers,160.5,148.5,126,False,NO,67.28,159.39550715319413,2,130.5382970793424
2025-11-20,Robert Morris Colonials,St. Bonaventure Bonnies,146.5,134.5,136,True,MAYBE,92.7,154.7387389582918,0,136.94719939526135
2025-11-20,Brown Bears,Stony Brook Seawolves,136.5,124.5,150,True,MAYBE,88.36,147.6166570762149,1,123.16747136081113
2025-11-20,Arkansas-Pine Bluff Golden Lions,Marshall Thundering Herd,167.5,155.5,168,True,NO,55.50000000000001,157.50742057795577,1,138.4067016232624
2025-11-20,Bucknell Bison,St. John's Red Storm,157.5,145.5,146,True,MAYBE,88.12,162.66409387708345,1,144.023424053303
2025-11-20,Northern Kentucky Norse,Central Michigan Chippewas,145.5,133.5,156,True,NO,85.02,155.38800611629324,1,128.39765325062072
2025-11-20,Colgate Raiders,Cornell Big Red,162.5,150.5,189,True,NO,81.44,167.81249144751604,1,142.35782722499718
2025-11-20,Elon Phoenix,Miami Hurricanes,161.5,149.5,171,True,NO,78.36,167.31144594129006,1,139.93624381039322
2025-11-20,Pacific Tigers,Florida Atlantic Owls,156.5,144.5,141,False,NO,86.86,160.8814820813988,1,142.3757204814078
2025-11-20,LIU Sharks,Fordham Rams,147.5,135.5,122,False,NO,74.9,150.73370531705376,1,122.89754246977226
2025-11-20,Mercyhurst Lakers,Miami (OH) RedHawks,144.5,132.5,147,True,MAYBE,89.24,163.41671399147975,1,131.52452251670374
2025-11-20,Northeastern Huskies,Princeton Tigers,148.5,136.5,127,False,NO,84.89999999999999,153.3016908841434,1,132.61577243715195
2025-11-20,Pittsburgh Panthers,UCF Knights,154.5,142.5,144,True,MAYBE,91.16,161.88227847433882,0,143.560938493111
2025-11-20,UNC Greensboro Spartans,Queens University Royals,150.5,138.5,195,True,MAYBE,94.67999999999999,163.21860201138597,0,143.49669999972824
2025-11-20,Tennessee St Tigers,Tennessee Volunteers,151.5,139.5,149,True,YES,95.94,163.228288703427,0,146.27216975122724
2025-11-20,Texas Southern Tigers,Vanderbilt Commodores,169.5,157.5,183,True,NO,70.36,169.3496064746971,1,142.63516963282564
2025-11-20,Chicago St Cougars,Iowa Hawkeyes,145.5,133.5,147,True,MAYBE,93.52000000000001,161.42656727674563,0,137.54345637998907
2025-11-20,Central Arkansas Bears,North Texas Mean Green,134.5,122.5,130,True,MAYBE,90.72,148.0821185706142,0,123.45363724740037
2025-11-20,Western Michigan Broncos,Ohio State Buckeyes,156.5,144.5,149,True,NO,86.56,165.0082203769203,1,141.33058544937384
2025-11-20,Oral Roberts Golden Eagles,Oklahoma Sooners,163.5,151.5,166,True,NO,81.69999999999999,168.12252746865983,1,144.71772362638632
2025-11-20,Tarleton State Texans,Rice Owls,145.5,133.5,164,True,MAYBE,93.16,158.4983682731907,0,136.51680524745925
2025-11-20,South Dakota Coyotes,Missouri Tigers,173.5,161.5,170,True,NO,74.48,173.97145836253873,1,151.0209402433581
2025-11-20,Cal Poly Mustangs,Utah Utes,168.5,156.5,177,True,NO,76.38000000000001,168.35994094457013,1,147.55183180384768
2025-11-20,Rider Broncs,Houston Cougars,131.5,119.5,136,True,YES,97.89999999999999,149.32677550665386,0,129.63087046865493
2025-11-20,Mississippi St Bulldogs,Kansas St Wildcats,161.5,149.5,175,True,MAYBE,89.25999999999999,166.62107673173924,1,148.95948991194834
2025-11-20,Saint Joseph's Hawks,UNLV Rebels,159.5,147.5,184,True,NO,83.91999999999999,165.29644307749484,1,142.4010326104003
2025-11-21,Green Bay Phoenix,Yale Bulldogs,152.5,140.5,140,False,MAYBE,93.76,164.49594753039509,0,144.2788085286785
2025-11-21,Utah State Aggies,Tulane Green Wave,153.5,141.5,171,True,YES,95.34,167.21753733397242,0,147.6260320721953
2025-11-21,Davidson Wildcats,Boston College Eagles,137.5,125.5,108,False,NO,87.14,148.16878867986958,1,122.56496285190953
2025-11-21,Massachusetts Minutemen,Charleston Cougars,157.5,145.5,134,False,NO,85.92,159.74654592821872,1,142.85731175495403
2025-11-21,Northwestern Wildcats,Virginia Cavaliers,145.5,133.5,161,True,MAYBE,94.67999999999999,160.42405736209983,0,138.82422951150386
2025-11-21,Iona Gaels,Akron Zips,171.5,159.5,171,True,NO,85.44,175.17893770411536,1,156.24576476927436
2025-11-21,Columbia Lions,Lehigh Mountain Hawks,144.5,132.5,149,True,MAYBE,88.08,158.43383317608,1,130.5245349788589
2025-11-21,Georgia Southern Eagles,Florida St Seminoles,174.5,162.5,170,True,NO,59.34,166.39527156406143,1,145.28508042027877
2025-11-21,Lafayette Leopards,Stonehill Skyhawks,143.5,131.5,144,True,MAYBE,88.34,150.87478990586033,2,130.0825831946461
2025-11-21,Charlotte 49ers,Appalachian St Mountaineers,131.5,119.5,128,True,YES,96.24000000000001,150.60501657961547,0,128.74914425098692
2025-11-21,Central Connecticut St Blue Devils,Rutgers Scarlet Knights,136.5,124.5,121,False,MAYBE,91.53999999999999,146.92355043145585,0,126.11733547950996
2025-11-21,Louisville Cardinals,Cincinnati Bearcats,162.5,150.5,138,False,NO,63.92,157.33260488299464,1,134.37764781357876
2025-11-21,West Virginia Mountaineers,Clemson Tigers,134.5,122.5,137,True,YES,96.36,147.16552355518132,0,129.5802660183994
2025-11-21,Detroit Mercy Titans,Michigan St Spartans,148.5,136.5,140,True,NO,85.04,157.23871955962522,1,132.19229124248176
2025-11-21,Oakland Golden Grizzlies,Eastern Michigan Eagles,153.5,141.5,188,True,NO,83.7,162.5902363601504,1,135.6660883440683
2025-11-21,Albany Great Danes,Siena Saints,136.5,124.5,136,True,YES,98.7,156.03286439337788,0,137.85879034124574
2025-11-21,Army Knights,Marist Red Foxes,129.5,117.5,141,True,YES,97.04,147.38531189704594,0,126.64375836207525
2025-11-21,Charleston Southern Buccaneers,East Carolina Pirates,157.5,145.5,142,False,NO,76.66,156.69740519841073,1,136.968001644826
2025-11-21,Coastal Carolina Chanticleers,Western Illinois Leathernecks,137.5,125.5,148,True,NO,86.22,152.71920799121773,1,121.30073819918502
2025-11-21,Pennsylvania Quakers,Drexel Dragons,153.5,141.5,152,True,NO,77.9,157.34100578694088,1,131.69851140758885
2025-11-21,Merrimack Warriors,Florida Gators,160.5,148.5,125,False,NO,64.68,155.69221299397714,1,132.9874654060606
2025-11-21,Holy Cross Crusaders,Sacred Heart Pioneers,150.5,138.5,145,True,MAYBE,90.18,164.82344393553348,0,138.61995260318577
2025-11-21,Loyola (MD) Greyhounds,Kentucky Wildcats,155.5,143.5,134,False,NO,81.5,163.79497136321044,1,135.02200303182286
2025-11-21,Morgan St Bears,Old Dominion Monarchs,156.5,144.5,144,False,MAYBE,88.38000000000001,162.73366886163646,1,143.12003192526385
2025-11-21,South Carolina Upstate Spartans,West Georgia Wolves,155.5,143.5,136,False,MAYBE,98.02,177.32477296127396,1,156.55227042006305
2025-11-21,South Alabama Jaguars,UAB Blazers,150.5,138.5,152,True,NO,79.32000000000001,153.67472690297723,1,130.35190410541628
2025-11-21,Jackson St Tigers,Arkansas Razorbacks,161.5,149.5,176,True,NO,85.44,165.01605005085025,1,146.37545791161648
2025-11-21,Arkansas-Little Rock Trojans,Texas State Bobcats,134.5,122.5,121,False,MAYBE,94.78,158.53541857572324,0,129.8240501203861
2025-11-21,Austin Peay Governors,Tulsa Golden Hurricane,147.5,135.5,159,True,NO,84.39999999999999,158.28951655756595,1,130.2027583154551
2025-11-21,Evansville Purple Aces,Oregon St Beavers,137.5,125.5,142,True,YES,95.56,152.54099963578932,0,132.0521334788261
2025-11-21,Fort Wayne Mastodons,Saint Louis Billikens,166.5,154.5,151,False,NO,72.54,164.07792505940418,1,142.84214288970756
2025-11-21,Georgia St Panthers,South Dakota St Jackrabbits,144.5,132.5,163,True,NO,81.24,150.7339544661058,1,124.74102560403611
2025-11-21,Hampton Pirates,Norfolk St Spartans,132.5,120.5,122,True,MAYBE,90.72,146.7037704976066,0,121.20910905890263
2025-11-21,Omaha Mavericks,LSU Tigers,164.5,152.5,172,True,MAYBE,94.72,175.8024318843499,0,157.41665892464195
2025-11-21,Manhattan Jaspers,Texas A&M Aggies,165.5,153.5,177,True,NO,78.03999999999999,175.348680637628,1,140.93880571185858
2025-11-21,Arkansas St Red Wolves,SMU Mustangs,172.5,160.5,169,True,NO,67.82000000000001,167.68912357768016,1,147.78786069837741
2025-11-21,UC Davis Aggies,Colorado Buffaloes,154.5,142.5,174,True,MAYBE,90.16,159.62034764833842,0,142.57482175170864
2025-11-21,Denver Pioneers,Colorado St Rams,151.5,139.5,164,True,YES,97.11999999999999,164.50651033969632,0,147.81908890418956
2025-11-21,New Orleans Privateers,Fresno St Bulldogs,154.5,142.5,161,True,NO,85.84,160.01185922531855,1,139.09832591370807
2025-11-21,Georgia Bulldogs,Xavier Musketeers,164.5,152.5,155,True,NO,72.52,163.1433153903107,1,140.75965187812088
2025-11-21,Northwestern St Demons,Grand Canyon Antelopes,150.5,138.5,157,True,NO,80.58,155.89019592172727,1,131.02956200555295
2025-11-21,Samford Bulldogs,New Mexico St Aggies,143.5,131.5,153,True,MAYBE,94.0,155.7621442844888,0,135.6430144760701
2025-11-21,UC Riverside Highlanders,San Diego Toreros,152.5,140.5,156,True,MAYBE,93.67999999999999,163.19612238649052,0,144.36584629920986
2025-11-21,CSU Fullerton Titans,Portland Pilots,161.5,149.5,188,True,NO,70.82000000000001,161.98234974772834,1,132.80163001307483
2025-11-21,Grambling St Tigers,Cal Baptist Lancers,141.5,129.5,131,True,MAYBE,93.4,152.05794770238305,0,132.70708538543823
2025-11-21,Sacramento St Hornets,California Golden Bears,155.5,143.5,158,True,MAYBE,92.36,166.19364962070392,0,145.89230570656437
2025-11-21,Montana St Bobcats,Long Beach St 49ers,139.5,127.5,150,True,MAYBE,91.94,153.6031728909543,0,129.6418045109064
2025-11-21,Louisiana Ragin' Cajuns,Santa Clara Broncos,140.5,128.5,123,False,YES,97.32,154.4357431037811,0,136.34696081125136
2025-11-21,Southern Jaguars,San José St Spartans,151.5,139.5,146,True,NO,50.9,139.9905799251623,1,122.2363314771518
2025-11-21,Seattle Redhawks,Stanford Cardinal,148.5,136.5,146,True,MAYBE,91.25999999999999,154.50523831131594,0,137.44113429099838
2025-11-21,Presbyterian Blue Hose,UCLA Bruins,129.5,117.5,132,True,YES,97.2,150.4019935364385,0,127.26427593778696
2025-11-22,Wagner Seahawks,Georgetown Hoyas,137.5,125.5,167,True,YES,96.6,155.30300382825305,0,133.7273690455679
2025-11-22,NJIT Highlanders,Navy Midshipmen,141.5,129.5,156,True,MAYBE,91.03999999999999,154.26173489461172,0,130.30708684947837
2025-11-22,Fairfield Stags,Le Moyne Dolphins,150.5,138.5,180,True,MAYBE,94.42,164.76872353671138,1,143.67450119973745
2025-11-22,Central Michigan Chippewas,Marquette Golden Eagles,153.5,141.5,156,True,NO,83.94,159.3457517439561,1,136.4198022641557
2025-11-22,Cleveland St Vikings,Kent State Golden Flashes,173.5,161.5,162,True,NO,73.5,171.53745270422095,1,151.20355289066592
2025-11-22,North Carolina Central Eagles,Dayton Flyers,148.5,136.5,129,False,MAYBE,88.42,153.11601103660612,1,135.22093675412827
2025-11-22,LIU Sharks,Illinois Fighting Illini,162.5,150.5,156,True,NO,81.04,167.53432803580085,1,142.46578012708963
2025-11-22,Nicholls St Colonels,Oklahoma St Cowboys,157.5,145.5,176,True,NO,78.72,160.68531233620644,1,136.97522036160547
2025-11-22,UMass Lowell River Hawks,Saint Peter's Peacocks,153.5,141.5,134,False,NO,75.53999999999999,156.24163622358515,1,128.26171560738038
2025-11-22,Mercer Bears,Eastern Kentucky Colonels,166.5,154.5,178,True,NO,70.89999999999999,165.92369707936334,1,139.38546531981467
2025-11-22,Miss Valley St Delta Devils,CSU Bakersfield Roadrunners,140.5,128.5,156,True,YES,96.06,156.51027090099421,0,136.21928551698315
2025-11-22,North Alabama Lions,Chattanooga Mocs,154.5,142.5,128,False,NO,84.58,158.5853803917139,1,138.38705209157683
2025-11-22,Western Carolina Catamounts,Lipscomb Bisons,154.5,142.5,145,True,NO,74.8,154.5801695885166,1,132.3944749291891
2025-11-22,UC Santa Barbara Gauchos,Nevada Wolf Pack,147.5,135.5,141,True,MAYBE,94.76,159.55088448658796,0,140.44761616250977
2025-11-22,St. Thomas (MN) Tommies,CSU Fullerton Titans,156.5,144.5,168,True,NO,87.52,161.62030504948873,1,142.38030438256925
2025-11-22,San Francisco Dons,Minnesota Golden Gophers,141.5,129.5,142,True,MAYBE,92.30000000000001,152.22369697540609,0,131.95835436864613
2025-11-22,Ball State Cardinals,Indiana St Sycamores,150.5,138.5,122,False,NO,84.38,156.66650700325937,1,133.47472979250026
2025-11-22,North Dakota Fighting Hawks,Coastal Carolina Chanticleers,147.5,135.5,133,False,NO,72.02,153.84911105650565,1,116.50407604804111
2025-11-22,Gardner-Webb Bulldogs,Richmond Spiders,154.5,142.5,169,True,NO,81.66,155.92837450401797,1,137.26721050709835
2025-11-22,Milwaukee Panthers,Wichita St Shockers,161.5,149.5,133,False,NO,69.06,161.69079219217292,1,133.43139202891706
2025-11-22,VMI Keydets,Stetson Hatters,150.5,138.5,179,True,NO,75.38,158.32454827837194,1,123.10118584866223
2025-11-22,Coppin St Eagles,VCU Rams,150.5,138.5,159,True,NO,84.32,155.16682998269536,1,134.24459288227345
2025-11-22,UT-Arlington Mavericks,Weber State Wildcats,152.5,140.5,147,True,NO,73.22,155.90990809311833,1,126.71972817422976
2025-11-23,Arkansas-Pine Bluff Golden Lions,Miami (OH) RedHawks,160.5,148.5,195,True,NO,84.04,169.93649987684879,1,142.33582096981712
2025-11-23,Clemson Tigers,Georgia Bulldogs,156.5,144.5,191,True,NO,83.26,160.4882600917445,1,139.2433735051455
2025-11-23,Delaware St Hornets,Miami Hurricanes,151.5,139.5,138,False,NO,82.86,159.7180781506894,1,131.9770245232212
2025-11-23,Alcorn St Braves,Oklahoma Sooners,162.5,150.5,125,False,NO,76.48,163.49307337926143,1,140.41033326319243
2025-11-23,Brown Bears,Maine Black Bears,126.5,114.5,111,False,MAYBE,94.52000000000001,137.25693227888783,0,118.78136707315855
2025-11-23,Eastern Washington Eagles,Central Arkansas Bears,155.5,143.5,157,True,MAYBE,91.16,162.69587770713153,0,144.67926992566595
2025-11-23,Longwood Lancers,Columbia Lions,151.5,139.5,165,True,MAYBE,89.64,165.7401934168409,1,139.05746525622507
2025-11-23,Old Dominion Monarchs,Drexel Dragons,142.5,130.5,146,True,MAYBE,92.78,153.56151500444886,0,133.1601064882627
2025-11-23,West Georgia Wolves,Georgia Tech Yellow Jackets,144.5,132.5,148,True,MAYBE,100.0,190.5379171284333,1,166.52457116663015
2025-11-23,South Carolina St Bulldogs,South Dakota Coyotes,163.5,151.5,163,True,NO,71.67999999999999,162.26930924193604,1,139.5594322107421
2025-11-23,Butler Bulldogs,Virginia Cavaliers,154.5,142.5,153,True,MAYBE,91.53999999999999,163.896795394806,0,143.87023137628273
2025-11-23,Robert Morris Colonials,Monmouth Hawks,148.5,136.5,141,True,NO,86.61999999999999,156.1617579509642,1,133.52285626356922
2025-11-23,Mt. St. Mary's Mountaineers,Western Michigan Broncos,151.5,139.5,143,True,NO,80.97999999999999,157.1268140498144,1,131.68767691013846
2025-11-23,Delaware Blue Hens,Southern Illinois Salukis,159.5,147.5,138,False,NO,80.56,161.4703029496798,1,141.2200723080595
2025-11-23,West Virginia Mountaineers,Xavier Musketeers,140.5,128.5,146,True,MAYBE,92.38,149.64392185489035,0,130.95781617097052
2025-11-23,Howard Bison,Duke Blue Devils,151.5,139.5,149,True,NO,80.88,159.37210182911042,1,131.26408475716005
2025-11-23,Lamar Cardinals,Montana Grizzlies,150.5,138.5,131,False,NO,81.12,154.86273618583138,1,131.9427943463624
2025-11-23,Norfolk St Spartans,Wyoming Cowboys,139.5,127.5,142,True,MAYBE,90.36,149.0314904955554,0,127.7244635561512
2025-11-23,Queens University Royals,Furman Paladins,156.5,144.5,169,True,MAYBE,89.16,165.01331759423655,1,143.70949420984905
2025-11-23,Quinnipiac Bobcats,Pittsburgh Panthers,142.5,130.5,158,True,MAYBE,90.75999999999999,156.52609602294754,0,131.38082511626382
2025-11-23,Northwestern Wildcats,South Carolina Gamecocks,139.5,127.5,156,True,YES,96.58,156.46059357579261,0,136.3757669508989
2025-11-23,Yale Bulldogs,Charleston Cougars,152.5,140.5,137,False,YES,95.1,165.5417611424895,0,146.55203985095125
2025-11-23,Youngstown St Penguins,UNC Greensboro Spartans,155.5,143.5,130,False,NO,73.56,154.56342761348748,1,132.48645259088596
2025-11-23,Bryant Bulldogs,UConn Huskies,148.5,136.5,121,False,NO,83.62,153.29034741580708,1,131.59690586983248
2025-11-23,Detroit Mercy Titans,DePaul Blue Demons,149.5,137.5,170,True,MAYBE,90.5,162.07020737265717,0,138.0266655923542
2025-11-23,Tulane Green Wave,Boston College Eagles,138.5,126.5,183,True,YES,95.94,155.53425421575062,0,133.96111158262747
2025-11-23,Mercyhurst Lakers,Marshall Thundering Herd,152.5,140.5,129,False,NO,71.26,151.59582096752064,1,126.79222991556243
2025-11-23,Winthrop Eagles,Jackson St Tigers,165.5,153.5,142,False,NO,71.61999999999999,162.9509941310322,1,141.52933204534665
2025-11-23,Akron Zips,Evansville Purple Aces,156.5,144.5,156,True,MAYBE,89.38000000000001,165.10060757149168,1,143.91915140914685
2025-11-23,Utah State Aggies,Davidson Wildcats,148.5,136.5,154,True,NO,87.72,159.1854644791237,1,134.64533346630594
2025-11-24,Toledo Rockets,Troy Trojans,160.5,148.5,143,False,NO,74.68,164.2446988836231,1,136.36058757368363
2025-11-24,Bucknell Bison,Bowling Green Falcons,147.5,135.5,137,True,NO,81.39999999999999,151.98854318763728,1,128.2853335244158
2025-11-24,Massachusetts Minutemen,Oregon St Beavers,152.5,140.5,138,False,NO,85.86,155.81417428452878,1,137.65317380496572
2025-11-24,St. Francis (PA) Red Flash,Belmont Bruins,154.5,142.5,151,True,NO,58.599999999999994,145.18685266307656,1,127.65889940503189
2025-11-24,Liberty Flames,Vermont Catamounts,145.5,133.5,152,True,MAYBE,93.14,161.8588009807954,0,137.24215074559427
2025-11-24,Seton Hall Pirates,NC State Wolfpack,144.5,132.5,159,True,YES,96.58,162.75909799268604,0,141.3596916821475
2025-11-24,Grambling St Tigers,UC Riverside Highlanders,146.5,134.5,157,True,MAYBE,92.02,156.28354146761274,0,136.56508102441757
2025-11-24,Green Bay Phoenix,Iona Gaels,155.5,143.5,155,True,MAYBE,91.32000000000001,165.43304032841732,0,144.9025807729007
2025-11-24,Notre Dame Fighting Irish,Kansas Jayhawks,141.5,129.5,132,True,MAYBE,90.9,152.6867325620582,0,130.271105248278
2025-11-24,Iowa State Cyclones,St. John's Red Storm,161.5,149.5,165,True,NO,78.66,164.0734890287552,1,141.36718332574617
2025-11-24,Temple Owls,UC San Diego Tritons,150.5,138.5,167,True,YES,98.02,166.63469831821385,0,149.32892797762284
2025-11-24,Charleston Cougars,Evansville Purple Aces,139.5,127.5,137,True,YES,97.14,156.1040805307906,0,135.97946331925465
2025-11-24,Siena Saints,Holy Cross Crusaders,139.5,127.5,142,True,YES,98.66,158.29124185149843,0,140.62518469202513
2025-11-24,Syracuse Orange,Houston Cougars,138.5,126.5,152,True,YES,96.96000000000001,151.3637999579386,0,134.774654212627
2025-11-24,Elon Phoenix,Appalachian St Mountaineers,142.5,130.5,141,True,MAYBE,94.84,154.49000969866776,0,135.56390878960784
2025-11-24,Bellarmine Knights,The Citadel Bulldogs,157.5,145.5,128,False,NO,82.44,166.20499985626546,1,138.00868068035243
2025-11-24,Princeton Tigers,Bradley Braves,140.5,128.5,152,True,YES,95.12,154.24559194500827,0,134.44967463467853
2025-11-24,Sacred Heart Pioneers,Central Connecticut St Blue Devils,143.5,131.5,214,True,MAYBE,89.2,157.2578849628292,1,130.90121002152526
2025-11-24,NJIT Highlanders,Cincinnati Bearcats,138.5,126.5,161,True,NO,86.78,149.4166846284363,1,123.6088755691094
2025-11-24,Eastern Kentucky Colonels,Northern Kentucky Norse,154.5,142.5,153,True,NO,81.96,161.12683409761803,1,135.89461772915246
2025-11-24,Eastern Michigan Eagles,Louisville Cardinals,162.5,150.5,133,False,NO,77.14,162.6294914736596,1,141.02961812390834
2025-11-24,New Orleans Privateers,Mississippi St Bulldogs,161.5,149.5,159,True,NO,79.86,163.36476404315113,1,142.43551475515088
2025-11-24,Jacksonville St Gamecocks,Arkansas St Red Wolves,148.5,136.5,137,True,NO,76.62,156.04145570437595,1,124.93221083836717
2025-11-24,Cal Poly Mustangs,Northern Arizona Lumberjacks,162.5,150.5,180,True,NO,81.46,166.3860354524064,1,143.80090890287582
2025-11-24,LIU Sharks,Missouri St Bears,141.5,129.5,136,True,YES,98.83999999999999,167.15097894958555,0,145.39668802617715
2025-11-24,Radford Highlanders,SMU Mustangs,165.5,153.5,161,True,NO,78.82000000000001,167.76765028432402,1,145.51099942254052
2025-11-24,Yale Bulldogs,Akron Zips,154.5,142.5,191,True,YES,97.5,174.08114204119408,0,154.70097779510132
2025-11-24,Louisiana Ragin' Cajuns,UC Davis Aggies,137.5,125.5,133,True,YES,97.16,150.48168328257034,0,133.45824485516536
2025-11-24,Denver Pioneers,Arizona Wildcats,158.5,146.5,176,True,MAYBE,89.86,167.0254524792149,1,146.36558034545106
2025-11-24,San Diego St Aztecs,Michigan Wolverines,147.5,135.5,148,True,MAYBE,91.42,160.23310735298264,0,137.015127573575
2025-11-24,Arizona St Sun Devils,Texas Longhorns,153.5,141.5,173,True,NO,86.44,165.32776477948605,1,138.16219766695528
2025-11-25,Stony Brook Seawolves,Bethune-Cookman Wildcats,147.5,135.5,115,False,NO,73.94,150.17006232247869,1,121.98324072938011
2025-11-25,Towson Tigers,Liberty Flames,136.5,124.5,141,True,MAYBE,92.16,152.79999981944636,0,126.96323028981047
2025-11-25,Notre Dame Fighting Irish,Rutgers Scarlet Knights,143.5,131.5,131,False,NO,87.03999999999999,152.6644750989698,1,129.06040150645111
2025-11-25,Pacific Tigers,Jacksonville Dolphins,139.5,127.5,121,False,NO,82.84,152.73672690598326,1,120.3252057284622
2025-11-25,Tulsa Golden Hurricane,San José St Spartans,150.5,138.5,132,False,NO,60.0,142.16901067403202,1,122.83897907343807
2025-11-25,Rhode Island Rams,Vermont Catamounts,147.5,135.5,145,True,MAYBE,89.58,159.32616554351236,1,135.03589989878435
2025-11-25,NC State Wolfpack,Boise State Broncos,150.5,138.5,151,True,MAYBE,88.48,164.01940988692684,1,136.87859212230114
2025-11-25,Samford Bulldogs,Georgia St Panthers,151.5,139.5,141,True,NO,75.52,152.58568969912514,1,128.9044422876737
2025-11-25,Syracuse Orange,Kansas Jayhawks,147.5,135.5,131,False,MAYBE,93.72,155.4529134378409,0,138.93776386668154
2025-11-25,Kennesaw St Owls,Oral Roberts Golden Eagles,173.5,161.5,174,True,NO,68.16,169.0232725242334,1,148.24550410914412
2025-11-25,UC San Diego Tritons,Bradley Braves,147.5,135.5,164,True,MAYBE,94.3,157.69483605541788,0,139.59942079944298
2025-11-25,Drexel Dragons,Morgan St Bears,149.5,137.5,137,False,NO,80.46,151.89130600372928,1,130.77960720947624
2025-11-25,St. Bonaventure Bonnies,North Carolina Tar Heels,153.5,141.5,145,True,MAYBE,88.4,156.60910016346014,1,140.2812224056433
2025-11-25,Utah Valley Wolverines,South Dakota St Jackrabbits,152.5,140.5,127,False,NO,71.92,153.6012739485538,1,126.36451414945523
2025-11-25,Cal Baptist Lancers,San Diego Toreros,148.5,136.5,137,True,MAYBE,93.64,158.20199448419356,0,139.92932809437008
2025-11-25,Mt. St. Mary's Mountaineers,Ohio State Buckeyes,148.5,136.5,173,True,MAYBE,94.84,161.18561186268767,0,141.50921707707184
2025-11-25,Tennessee St Tigers,UNC Asheville Bulldogs,154.5,142.5,148,True,MAYBE,91.10000000000001,163.85897558632857,0,143.62932478574643
2025-11-25,Houston Christian Huskies,Bellarmine Knights,148.5,136.5,143,True,YES,96.02000000000001,162.12152947421848,0,143.36147887763454
2025-11-25,Boston Univ. Terriers,Penn State Nittany Lions,144.5,132.5,183,True,MAYBE,93.86,159.32234155648405,0,136.61624170519968
2025-11-25,CSU Bakersfield Roadrunners,Florida St Seminoles,157.5,145.5,148,True,MAYBE,89.02,164.52412735998848,1,144.6463466070442
2025-11-25,Campbell Fighting Camels,Wake Forest Demon Deacons,156.5,144.5,150,True,NO,80.30000000000001,163.68454182020656,1,135.90974297411373
2025-11-25,Chicago St Cougars,Fort Wayne Mastodons,150.5,138.5,167,True,MAYBE,93.5,162.4536097888,0,141.98813329712615
2025-11-25,Coppin St Eagles,Rider Broncs,141.5,129.5,133,True,NO,87.24,149.91894587977598,1,126.47707588250202
2025-11-25,Lehigh Mountain Hawks,Marist Red Foxes,130.5,118.5,133,True,MAYBE,92.10000000000001,144.9248243793741,0,121.03406007080761
2025-11-25,North Carolina Central Eagles,South Carolina Upstate Spartans,151.5,139.5,149,True,MAYBE,90.03999999999999,155.9588212076877,0,139.5515698242988
2025-11-25,Old Dominion Monarchs,Villanova Wildcats,145.5,133.5,164,True,YES,96.32,162.16365686576225,0,141.7931497618548
2025-11-25,Quinnipiac Bobcats,UCF Knights,163.5,151.5,193,True,NO,79.88,166.96434121768962,1,143.3045517186063
2025-11-25,Wright St Raiders,Stetson Hatters,150.5,138.5,141,True,NO,79.7,155.94191783801074,1,129.2666897205007
2025-11-25,Eastern Illinois Panthers,Central Arkansas Bears,138.5,126.5,141,True,YES,95.24000000000001,150.72590864585092,0,132.1979616778486
2025-11-25,George Mason Patriots,Florida Atlantic Owls,151.5,139.5,139,False,NO,85.44,156.08404753032121,1,135.88069888534005
2025-11-25,Temple Owls,Princeton Tigers,149.5,137.5,154,True,YES,95.8,163.02397917845988,0,143.76760188342746
2025-11-25,Eastern Washington Eagles,North Texas Mean Green,141.5,129.5,150,True,MAYBE,88.6,154.80682643502197,1,127.97331197879163
2025-11-25,Kansas St Wildcats,Indiana Hoosiers,160.5,148.5,155,True,NO,81.96,163.6410908296756,1,143.3723184025818
2025-11-25,Miss Valley St Delta Devils,Texas A&M Aggies,153.5,141.5,204,True,NO,85.24000000000001,163.57609302382258,1,136.49887271529138
2025-11-25,South Carolina St Bulldogs,Missouri Tigers,161.5,149.5,164,True,NO,86.16,163.1453834512962,1,146.8615257039663
2025-11-25,Winthrop Eagles,Nebraska Cornhuskers,165.5,153.5,153,False,NO,76.52,165.80880597951818,1,144.19246248107103
2025-11-25,New Mexico St Aggies,UC Irvine Anteaters,141.5,129.5,102,False,NO,71.1,147.11377034281028,1,113.1675569528792
2025-11-25,Oakland Golden Grizzlies,Montana Grizzlies,164.5,152.5,182,True,NO,76.12,169.5051189661527,1,139.37423203317437
2025-11-25,Portland St Vikings,Utah Tech Trailblazers,147.5,135.5,131,False,NO,72.44,150.83991953250828,1,120.15708661706651
2025-11-25,UCLA Bruins,California Golden Bears,143.5,131.5,152,True,YES,97.08,157.46835681103263,0,140.12213079611365
2025-11-26,Bowling Green Falcons,VMI Keydets,148.5,136.5,129,False,NO,78.75999999999999,157.80199624872245,1,125.19681213912128
2025-11-26,St. Francis (PA) Red Flash,Troy Trojans,151.5,139.5,138,False,NO,61.12,147.28922305934339,1,117.82539690491133
2025-11-26,UMass Lowell River Hawks,Stonehill Skyhawks,150.5,138.5,139,True,NO,78.3,154.73961062238672,2,128.4834160418399
2025-11-26,Western Kentucky Hilltoppers,Vanderbilt Commodores,168.5,156.5,161,True,NO,79.0,170.41219904477987,1,148.38032722100252
2025-11-26,Brown Bears,New Hampshire Wildcats,139.5,127.5,106,False,NO,72.36,145.29833444933809,1,112.64682843584184
2025-11-26,Syracuse Orange,Iowa State Cyclones,158.5,146.5,159,True,NO,77.74,160.2732410969677,1,137.77523950685983
2025-11-26,New Orleans Privateers,Texas Tech Red Raiders,155.5,143.5,132,False,NO,83.72,161.8306053569567,1,138.7502505725289
2025-11-26,Belmont Bruins,Toledo Rockets,162.5,150.5,159,True,MAYBE,88.84,166.01353367285392,1,149.58027114086119
2025-11-26,Buffalo Bulls,Bucknell Bison,145.5,133.5,144,True,MAYBE,94.0,156.17081098823957,0,137.226492926578
2025-11-26,Appalachian St Mountaineers,Mercer Bears,140.5,128.5,142,True,MAYBE,90.56,153.78077668234477,0,129.3193985958744
2025-11-26,Wofford Terriers,Northern Kentucky Norse,148.5,136.5,176,True,NO,85.5,158.44157873043144,1,132.09306970857637
2025-11-26,UIC Flames,Robert Morris Colonials,145.5,133.5,162,True,MAYBE,94.39999999999999,158.50163002148832,0,138.5509163647837
2025-11-26,VCU Rams,South Florida Bulls,172.5,160.5,144,False,NO,64.94,166.11641963234914,1,146.03177822660513
2025-11-26,Southern Indiana Screaming Eagles,Valparaiso Beacons,147.5,135.5,120,False,NO,85.2,154.1793519937067,2,131.7831517684566
2025-11-26,Notre Dame Fighting Irish,Houston Cougars,134.5,122.5,122,False,MAYBE,93.84,148.04486894916485,0,126.12518228097929
2025-11-26,Harvard Crimson,Boston College Eagles,139.5,127.5,133,True,MAYBE,90.72,149.5283041477636,0,128.09124704454862
2025-11-26,Lipscomb Bisons,Marshall Thundering Herd,155.5,143.5,157,True,NO,76.3,156.90893972396665,1,134.5145749177629
2025-11-26,Colorado St Rams,Virginia Tech Hokies,153.5,141.5,130,False,MAYBE,89.66,161.9669530286786,1,141.1640922564314
2025-11-26,Wagner Seahawks,Manhattan Jaspers,146.5,134.5,204,True,NO,85.96000000000001,162.07045809816242,1,129.72772236003374
2025-11-26,Seton Hall Pirates,Washington St Cougars,149.5,137.5,136,False,MAYBE,92.32000000000001,157.94418334699733,0,139.5076988451191
2025-11-26,Eastern Michigan Eagles,Cincinnati Bearcats,146.5,134.5,120,False,NO,76.86,147.99451246202634,1,125.14567157186949
2025-11-26,Columbia Lions,Fairfield Stags,147.5,135.5,183,True,MAYBE,88.88000000000001,161.28995953931246,1,134.4955586987118
2025-11-26,Kansas Jayhawks,Tennessee Volunteers,139.5,127.5,157,True,YES,97.56,153.07355723207706,0,136.56880395632479
2025-11-26,Tennessee Tech Golden Eagles,Kentucky Wildcats,157.5,145.5,158,True,NO,74.02,161.2698152429189,1,131.74627688072061
2025-11-26,Indiana St Sycamores,Louisiana Tech Bulldogs,140.5,128.5,148,True,NO,81.92,148.1206840482641,1,121.80562797119025
2025-11-26,Wichita St Shockers,Saint Mary's Gaels,138.5,126.5,135,True,MAYBE,93.96,151.9363857866676,0,130.92498033911005
2025-11-26,St. John's Red Storm,Auburn Tigers,167.5,155.5,159,True,NO,80.80000000000001,169.9833739609607,1,149.0528866912431
2025-11-26,Southern Illinois Salukis,Memphis Tigers,159.5,147.5,132,False,NO,75.98,158.8819232699281,1,138.60301736432302
2025-11-26,Denver Pioneers,Wyoming Cowboys,149.5,137.5,160,True,MAYBE,94.84,162.10488180213306,0,142.94662693185975
2025-11-26,Alabama St Hornets,New Mexico Lobos,145.5,133.5,180,True,YES,95.46,158.9651853888575,0,139.89995897285183
2025-11-26,NJIT Highlanders,Louisville Cardinals,155.5,143.5,151,True,NO,85.11999999999999,163.60703056225375,1,139.44102080322347
2025-11-26,Gonzaga Bulldogs,Michigan Wolverines,160.5,148.5,162,True,NO,71.86,162.2124963131548,1,132.88595889775132
2025-11-26,NC State Wolfpack,Texas Longhorns,158.5,146.5,199,True,MAYBE,88.52,172.94781277625097,1,144.5058617176321
2025-11-26,Long Beach St 49ers,Portland Pilots,149.5,137.5,166,True,NO,80.22,157.15132899901093,1,127.66519331040058
2025-11-26,Baylor Bears,San Diego St Aztecs,157.5,145.5,172,True,MAYBE,90.4,162.68214656007717,0,146.00161483338235
2025-11-27,Richmond Spiders,Furman Paladins,147.5,135.5,145,True,MAYBE,93.12,159.9090158859147,0,138.38162928881044
2025-11-27,St. Bonaventure Bonnies,East Carolina Pirates,143.5,131.5,125,False,MAYBE,92.54,153.44495958330003,0,133.96439036603869
2025-11-27,Charlotte 49ers,Illinois St Redbirds,139.5,127.5,148,True,YES,96.7,160.6538350097938,0,137.50711457263426
2025-11-27,Colorado Buffaloes,San Francisco Dons,151.5,139.5,148,True,YES,95.62,162.15994369896083,0,144.83285165131005
2025-11-27,Oregon Ducks,Creighton Bluejays,153.5,141.5,142,True,NO,87.88,159.27440607983903,1,139.67980978021973
2025-11-27,TCU Horned Frogs,Florida Gators,155.5,143.5,164,True,NO,79.54,157.79835226863668,1,135.63681596170056
2025-11-27,Michigan St Spartans,North Carolina Tar Heels,151.5,139.5,132,False,NO,79.80000000000001,154.91854691134714,1,131.38998365198893
2025-11-27,UNLV Rebels,Rutgers Scarlet Knights,153.5,141.5,145,True,MAYBE,89.66,162.71986080784242,1,141.25109811918867
2025-11-27,BYU Cougars,Miami Hurricanes,164.5,152.5,134,False,NO,71.24000000000001,165.68818094604637,1,137.67227827270327
2025-11-27,Providence Friars,Wisconsin Badgers,165.5,153.5,187,True,NO,86.8,170.889507107306,1,151.12773005935395
2025-11-27,Saint Louis Billikens,Santa Clara Broncos,159.5,147.5,141,False,NO,79.46,160.9469344695541,1,140.3277476950213
2025-11-27,Georgetown Hoyas,Dayton Flyers,147.5,135.5,163,True,MAYBE,94.12,157.42125843924504,0,139.65419031607894
2025-11-27,Duke Blue Devils,Arkansas Razorbacks,156.5,144.5,151,True,NO,84.98,161.19388834703196,1,140.82372093896714
2025-11-27,Minnesota Golden Gophers,Stanford Cardinal,142.5,130.5,140,True,MAYBE,91.97999999999999,153.1638387992365,0,132.49369554697984
2025-11-27,Oklahoma St Cowboys,Northwestern Wildcats,160.5,148.5,167,True,NO,79.08,164.18348324385337,1,139.33329283363238
2025-11-28,Eastern Illinois Panthers,Purdue Boilermakers,141.5,129.5,171,True,YES,97.34,157.4266859619491,0,138.7232432964449
2025-11-28,Northeastern Huskies,Wake Forest Demon Deacons,152.5,140.5,159,True,NO,82.62,156.9579500537324,1,135.1694082805071
2025-11-28,Richmond Spiders,Charlotte 49ers,147.5,135.5,137,True,YES,95.34,161.22164496138393,0,141.53220619363435
2025-11-28,Siena Saints,Longwood Lancers,149.5,137.5,133,False,YES,95.82000000000001,163.92750210459056,0,144.29631865222032
2025-11-28,Vanderbilt Commodores,Saint Mary's Gaels,152.5,140.5,167,True,MAYBE,89.62,160.39451867874845,1,140.15423703792575
2025-11-28,Ball State Cardinals,Monmouth Hawks,139.5,127.5,153,True,MAYBE,91.06,153.26569572574374,0,128.68268206035043
2025-11-28,Wright St Raiders,Butler Bulldogs,151.5,139.5,163,True,MAYBE,88.4,158.76000504882572,1,138.24498591451783
2025-11-28,Cleveland St Vikings,Missouri Tigers,170.5,158.5,145,False,NO,84.36,173.22792766074957,1,154.29286639627148
2025-11-28,Hofstra Pride,La Salle Explorers,141.5,129.5,121,False,MAYBE,94.08,151.08182522676512,0,133.53601310914016
2025-11-28,Southern Utah Thunderbirds,Robert Morris Colonials,150.5,138.5,115,False,NO,81.89999999999999,160.41837401143812,1,131.18446442778009
2025-11-28,Texas State Bobcats,Seattle Redhawks,135.5,123.5,118,False,MAYBE,90.48,148.3568396851358,0,124.02963207920624
2025-11-28,Nevada Wolf Pack,San Francisco Dons,148.5,136.5,146,True,MAYBE,91.53999999999999,155.08045510126848,0,137.81318419323972
