home_team,away_team,actual_total,maximum_line,sim_mean,under_hit_rate,cushion,under_won,margin,prediction_error,game_date
Valparaiso,Southern Ind.,120,163.0395088748795,151.0395088748795,80.10000000000001,43.03950887487949,True,43.03950887487949,-31.039508874879488,2025-11-26
New Mexico St.,Georgia St.,135,161.93466977154137,149.93466977154137,81.3,26.934669771541365,True,26.934669771541365,-14.934669771541365,2025-11-26
Vanderbilt,Western Ky.,161,164.22410196322573,152.22410196322573,84.72,3.224101963225735,True,3.224101963225735,8.775898036774265,2025-11-26
Toledo,Belmont,159,174.31458079725522,162.31458079725522,86.92,15.314580797255218,True,15.314580797255218,-3.3145807972552177,2025-11-26
Iowa St.,Syracuse,159,169.50330266892436,157.50330266892436,84.8,10.503302668924363,True,10.503302668924363,1.4966973310756373,2025-11-26
Bucknell,Buffalo,144,168.70021189691906,156.70021189691906,81.38,24.700211896919058,True,24.700211896919058,-12.700211896919058,2025-11-26
Temple,Rhode Island,165,177.2613346238954,165.2613346238954,81.46,12.261334623895408,True,12.261334623895408,-0.26133462389540796,2025-11-26
Memphis,Southern Ill.,132,164.75188466612826,152.75188466612826,82.44,32.75188466612826,True,32.75188466612826,-20.751884666128262,2025-11-26
Wyoming,Denver,160,172.7153316007848,160.7153316007848,81.47999999999999,12.715331600784793,True,12.715331600784793,-0.7153316007847934,2025-11-26
Tulsa,UNI,123,182.42087647667412,170.42087647667412,83.64,59.420876476674124,True,59.420876476674124,-47.420876476674124,2025-11-26
Duquesne,Central St. (OH),181,159.44466117501526,147.44466117501526,80.54,-21.555338824984744,False,-21.555338824984744,33.555338824984744,2025-11-26
Washington St.,Seton Hall,136,171.42146716551065,159.42146716551065,80.96,35.42146716551065,True,35.42146716551065,-23.42146716551065,2025-11-26
Tennessee,Kansas,157,165.9261362264911,153.9261362264911,84.6,8.92613622649111,True,8.92613622649111,3.07386377350889,2025-11-26
UNCW,Southeastern La.,127,148.3493755656151,136.3493755656151,81.84,21.349375565615105,True,21.349375565615105,-9.349375565615105,2025-11-26
FGCU,Kennesaw St.,202,161.10594650459083,149.10594650459083,80.44,-40.89405349540917,False,-40.89405349540917,52.89405349540917,2025-11-26
East Carolina,Michigan St.,145,164.37434664430094,152.37434664430094,81.8,19.374346644300942,True,19.374346644300942,-7.374346644300942,2025-11-25
UNC Greensboro,Delaware,133,169.39217833683807,157.39217833683807,80.30000000000001,36.39217833683807,True,36.39217833683807,-24.39217833683807,2025-11-25
Iowa St.,Creighton,138,170.46059361378204,158.46059361378204,81.56,32.46059361378204,True,32.46059361378204,-20.460593613782038,2025-11-25
St. John's (NY),Baylor,177,178.01196077385103,166.01196077385103,83.04,1.0119607738510297,True,1.0119607738510297,10.98803922614897,2025-11-25
San Diego,California Baptist,137,175.43025089011323,163.43025089011323,86.98,38.43025089011323,True,38.43025089011323,-26.43025089011323,2025-11-25
Bradley,UC San Diego,164,169.28573840703987,157.28573840703987,80.60000000000001,5.285738407039872,True,5.285738407039872,6.714261592960128,2025-11-25
Houston,Tennessee,149,164.62287894308906,152.62287894308906,86.14,15.622878943089063,True,15.622878943089063,-3.622878943089063,2025-11-25
North Carolina,St. Bonaventure,155,167.56941520543032,155.56941520543032,86.8,12.569415205430317,True,12.569415205430317,-0.5694152054303174,2025-11-25
Kansas,Syracuse,131,166.94692639767786,154.94692639767786,85.08,35.946926397677856,True,35.946926397677856,-23.946926397677856,2025-11-25
Bellarmine,Houston Christian,143,178.26193065467507,166.26193065467507,81.92,35.26193065467507,True,35.26193065467507,-23.26193065467507,2025-11-25
California,UCLA,152,170.3222178349652,158.3222178349652,85.06,18.322217834965187,True,18.322217834965187,-6.322217834965187,2025-11-25
Omaha,James Madison,165,180.19235299365172,168.19235299365172,84.8,15.192352993651724,True,15.192352993651724,-3.192352993651724,2025-11-25
Princeton,Temple,154,174.59761580235562,162.59761580235562,83.08,20.59761580235562,True,20.59761580235562,-8.59761580235562,2025-11-25
Missouri,South Carolina St.,164,170.6875101665703,158.6875101665703,82.1,6.687510166570291,True,6.687510166570291,5.312489833429709,2025-11-25
Southeast Mo. St.,Cal Poly,152,157.84947204374336,145.84947204374336,80.78,5.849472043743361,True,5.849472043743361,6.150527956256639,2025-11-25
Belmont,Saint Francis,151,165.6158731421552,153.6158731421552,94.48,14.615873142155209,True,14.615873142155209,-2.615873142155209,2025-11-24
Tennessee,Rutgers,145,168.23817520254084,156.23817520254084,80.86,23.238175202540845,True,23.238175202540845,-11.238175202540845,2025-11-24
Baylor,Creighton,155,176.96237215127567,164.96237215127567,81.58,21.962372151275673,True,21.962372151275673,-9.962372151275673,2025-11-24
UC San Diego,Temple,167,177.86809160725147,165.86809160725147,85.82,10.868091607251472,True,10.868091607251472,1.131908392748528,2025-11-24
St. John's (NY),Iowa St.,165,171.43108960558013,159.43108960558013,82.5,6.4310896055801265,True,6.4310896055801265,5.5689103944198735,2025-11-24
Houston,Syracuse,152,165.94631342992065,153.94631342992065,84.86,13.94631342992065,True,13.94631342992065,-1.9463134299206502,2025-11-24
Holy Cross,Siena,142,173.27851057271573,161.27851057271573,84.98,31.27851057271573,True,31.27851057271573,-19.27851057271573,2025-11-24
Oregon St.,Massachusetts,138,166.88317101978907,154.88317101978907,86.52,28.883171019789074,True,28.883171019789074,-16.883171019789074,2025-11-24
Mississippi St.,New Orleans,159,171.67331119398736,159.67331119398736,83.62,12.67331119398736,True,12.67331119398736,-0.6733111939873595,2025-11-24
Chaminade,Washington St.,175,163.1285071452017,151.1285071452017,82.46,-11.871492854798305,False,-11.871492854798305,23.871492854798305,2025-11-24
Akron,Yale,191,183.87224694906328,171.87224694906328,80.67999999999999,-7.127753050936718,False,-7.127753050936718,19.127753050936718,2025-11-24
UC Santa Barbara,Nobel,133,163.56873876829465,151.56873876829465,82.56,30.56873876829465,True,30.56873876829465,-18.56873876829465,2025-11-24
UC Davis,Louisiana,133,165.1751605172492,153.1751605172492,85.46000000000001,32.175160517249196,True,32.175160517249196,-20.175160517249196,2025-11-24
Southern Ill.,Delaware,138,168.10232192717447,156.10232192717447,80.62,30.102321927174472,True,30.102321927174472,-18.102321927174472,2025-11-23
Maine,Brown,111,152.1560544586389,140.1560544586389,83.12,41.15605445863889,True,41.15605445863889,-29.15605445863889,2025-11-23
Xavier,West Virginia,146,162.80784523825795,150.80784523825795,83.98,16.807845238257954,True,16.807845238257954,-4.807845238257954,2025-11-23
Jackson St.,Winthrop,142,170.2352763205354,158.2352763205354,81.2,28.235276320535405,True,28.235276320535405,-16.235276320535405,2025-11-23
South Carolina,Northwestern,156,170.75467353711642,158.75467353711642,80.46,14.754673537116417,True,14.754673537116417,-2.7546735371164175,2025-11-23
Col. of Charleston,Yale,137,179.94638462731643,167.94638462731643,82.0,42.946384627316434,True,42.946384627316434,-30.946384627316434,2025-11-23
Southern Miss.,UT Martin,130,155.79732273632564,143.79732273632564,80.52,25.79732273632564,True,25.79732273632564,-13.79732273632564,2025-11-23
Richmond,Gardner-Webb,169,161.01129706244097,149.01129706244097,83.36,-7.988702937559026,False,-7.988702937559026,19.988702937559026,2025-11-22
Saint Mary's (CA),UC Merced,138,156.76138167221288,144.76138167221288,80.36,18.761381672212877,True,18.761381672212877,-6.7613816722128774,2025-11-22
Nevada,UC Santa Barbara,141,173.19261058552377,161.19261058552377,83.5,32.19261058552377,True,32.19261058552377,-20.192610585523767,2025-11-22
Providence,Penn St.,142,177.65075693350425,165.65075693350425,81.62,35.650756933504255,True,35.650756933504255,-23.650756933504255,2025-11-22
Oklahoma St.,Nicholls,176,166.56289949790605,154.56289949790605,81.6,-9.437100502093955,False,-9.437100502093955,21.437100502093955,2025-11-22
Northeastern,Duquesne,179,167.47272023235493,155.47272023235493,82.66,-11.52727976764507,False,-11.52727976764507,23.52727976764507,2025-11-22
Oregon St.,Iona,175,171.34398480518857,159.34398480518857,83.52000000000001,-3.656015194811431,False,-3.656015194811431,15.656015194811431,2025-11-22
Massachusetts,Green Bay,154,167.89116314430578,155.89116314430578,81.02000000000001,13.891163144305779,True,13.891163144305779,-1.8911631443057786,2025-11-22
Colorado,UC Davis,174,170.52231953926946,158.52231953926946,86.64,-3.4776804607305394,False,-3.4776804607305394,15.47768046073054,2025-11-21
South Carolina,Butler,151,170.64395154412742,158.64395154412742,82.06,19.643951544127418,True,19.643951544127418,-7.643951544127418,2025-11-21
Col. of Charleston,Massachusetts,134,168.29047076038486,156.29047076038486,84.36,34.29047076038486,True,34.29047076038486,-22.290470760384864,2025-11-21
Wisconsin,BYU,168,174.75609059707196,162.75609059707196,80.10000000000001,6.75609059707196,True,6.75609059707196,5.24390940292804,2025-11-21
Clemson,West Virginia,137,164.0561156569073,152.0561156569073,87.44,27.05611565690731,True,27.05611565690731,-15.05611565690731,2025-11-21
Michigan St.,Detroit Mercy,140,168.62904761426617,156.62904761426617,82.52000000000001,28.62904761426617,True,28.62904761426617,-16.62904761426617,2025-11-21
Akron,Iona,171,177.2378046972882,165.2378046972882,80.30000000000001,6.2378046972881975,True,6.2378046972881975,5.7621953027118025,2025-11-21
New Mexico,Mississippi St.,158,167.24854875002404,155.24854875002404,91.86,9.248548750024042,True,9.248548750024042,2.7514512499759576,2025-11-21
St. Thomas (MN),Northern Colo.,145,158.07447470841194,146.07447470841194,82.02000000000001,13.074474708411941,True,13.074474708411941,-1.074474708411941,2025-11-21
Oregon St.,Evansville,142,167.3621679579261,155.3621679579261,80.66,25.36216795792609,True,25.36216795792609,-13.36216795792609,2025-11-21
Belmont,Fisk,145,157.21631272466314,145.21631272466314,81.2,12.21631272466314,True,12.21631272466314,-0.21631272466314044,2025-11-21
LSU,Omaha,172,178.40519415551177,166.40519415551177,85.94000000000001,6.405194155511765,True,6.405194155511765,5.594805844488235,2025-11-21
Stanford,Seattle U,146,163.53566370786032,151.53566370786032,83.98,17.535663707860323,True,17.535663707860323,-5.535663707860323,2025-11-21
Santa Clara,Louisiana,123,168.68759027862825,156.68759027862825,83.34,45.68759027862825,True,45.68759027862825,-33.68759027862825,2025-11-21
Colorado St.,Denver,164,182.38701094478802,170.38701094478802,81.17999999999999,18.387010944788017,True,18.387010944788017,-6.387010944788017,2025-11-21
Memphis,Wake Forest,137,165.90490954042346,153.90490954042346,83.46000000000001,28.90490954042346,True,28.90490954042346,-16.90490954042346,2025-11-21
Fresno St.,New Orleans,161,167.59981033925428,155.59981033925428,80.78,6.599810339254276,True,6.599810339254276,5.400189660745724,2025-11-21
San Diego,UC Riverside,156,172.5507106112876,160.5507106112876,81.3,16.5507106112876,True,16.5507106112876,-4.550710611287599,2025-11-21
Purdue,Texas Tech,142,177.17620681147102,165.17620681147102,80.08,35.17620681147102,True,35.17620681147102,-23.17620681147102,2025-11-21
California Baptist,Grambling,131,170.69144213384064,158.69144213384064,84.68,39.69144213384064,True,39.69144213384064,-27.69144213384064,2025-11-21
Wright St.,Ohio Wesleyan,147,170.93686201847694,158.93686201847694,80.02,23.936862018476944,True,23.936862018476944,-11.936862018476944,2025-11-20
Kansas St.,Mississippi St.,175,172.2815025479484,160.2815025479484,87.14,-2.7184974520515937,False,-2.7184974520515937,14.718497452051594,2025-11-20
Fla. Atlantic,Pacific,141,158.8733231779484,146.8733231779484,80.38,17.873323177948407,True,17.873323177948407,-5.873323177948407,2025-11-20
New Mexico,Nebraska,156,168.868354524374,156.868354524374,82.94,12.868354524374013,True,12.868354524374013,-0.8683545243740127,2025-11-20
Houston Christian,Biblical Stud. (TX),152,158.49076795586237,146.49076795586237,81.98,6.490767955862367,True,6.490767955862367,5.509232044137633,2025-11-20
St. Bonaventure,Robert Morris,136,168.51257975718394,156.51257975718394,82.76,32.51257975718394,True,32.51257975718394,-20.512579757183943,2025-11-20
UCF,Pittsburgh,144,174.01268399884012,162.01268399884012,82.19999999999999,30.012683998840117,True,30.012683998840117,-18.012683998840117,2025-11-20
Purdue,Memphis,151,173.64179647250083,161.64179647250083,97.0,22.64179647250083,True,22.64179647250083,-10.641796472500829,2025-11-20
Belmont,Lipscomb,143,164.14858577820775,152.14858577820775,80.14,21.148585778207746,True,21.148585778207746,-9.148585778207746,2025-11-19
South Carolina St.,Chattanooga,144,166.6118441458842,154.6118441458842,82.26,22.61184414588419,True,22.61184414588419,-10.611844145884191,2025-11-19
Saint Mary's (CA),Arkansas St.,157,166.77145862209957,154.77145862209957,82.56,9.771458622099573,True,9.771458622099573,2.2285413779004273,2025-11-19
Auburn,Jackson St.,178,176.4254051404757,164.4254051404757,80.5,-1.5745948595242965,False,-1.5745948595242965,13.574594859524296,2025-11-19
Eastern Ill.,Tiffin,112,147.88448046598066,135.88448046598066,83.24000000000001,35.88448046598066,True,35.88448046598066,-23.88448046598066,2025-11-19
Marquette,Dayton,148,164.851339785056,152.851339785056,81.94,16.851339785056012,True,16.851339785056012,-4.8513397850560125,2025-11-19
Long Beach St.,Nobel,141,157.15703380188606,145.15703380188606,80.58,16.157033801886058,True,16.157033801886058,-4.157033801886058,2025-11-19
Penn St.,Harvard,164,173.93879902567414,161.93879902567414,81.47999999999999,9.938799025674143,True,9.938799025674143,2.061200974325857,2025-11-19
Southeastern La.,William Carey,116,147.96554391548645,135.96554391548645,80.94,31.96554391548645,True,31.96554391548645,-19.96554391548645,2025-11-19
Temple,Hofstra,157,173.80871815952017,161.80871815952017,89.66,16.80871815952017,True,16.80871815952017,-4.8087181595201685,2025-11-19
California Baptist,UC Riverside,137,170.70514624852888,158.70514624852888,83.7,33.70514624852888,True,33.70514624852888,-21.705146248528877,2025-11-18
Nevada,UC Davis,146,164.29325179906348,152.29325179906348,88.53999999999999,18.293251799063484,True,18.293251799063484,-6.2932517990634835,2025-11-18
Stanford,Louisiana,159,166.75639761737315,154.75639761737315,84.39999999999999,7.756397617373153,True,7.756397617373153,4.243602382626847,2025-11-18
San Diego,Grambling,146,172.81966408318402,160.81966408318402,82.54,26.819664083184023,True,26.819664083184023,-14.819664083184023,2025-11-18
Western Ky.,Bethel (TN),164,147.79222708774049,135.79222708774049,80.74,-16.207772912259514,False,-16.207772912259514,28.207772912259514,2025-11-18
Fresno St.,SFA,158,156.53481736404115,144.53481736404115,80.84,-1.465182635958854,False,-1.465182635958854,13.465182635958854,2025-11-18
LSU,Alcorn,188,173.62292376215626,161.62292376215626,85.42,-14.377076237843738,False,-14.377076237843738,26.37707623784374,2025-11-18
South Carolina,Radford,145,171.64992824403498,159.64992824403498,80.88,26.64992824403498,True,26.64992824403498,-14.649928244034982,2025-11-18
Lehigh,Saint Francis,141,163.47195371244646,151.47195371244646,80.14,22.471953712446464,True,22.471953712446464,-10.471953712446464,2025-11-18
North Carolina,Navy,134,169.2815256130857,157.2815256130857,81.12,35.281525613085705,True,35.281525613085705,-23.281525613085705,2025-11-18
Oregon,Oregon St.,162,170.2484625922416,158.2484625922416,85.98,8.248462592241594,True,8.248462592241594,3.7515374077584056,2025-11-17
West Virginia,Lafayette,140,164.39285260283495,152.39285260283495,90.48,24.39285260283495,True,24.39285260283495,-12.39285260283495,2025-11-17
Le Moyne,Niagara,142,170.87038419073,158.87038419073,80.17999999999999,28.870384190729993,True,28.870384190729993,-16.870384190729993,2025-11-17
Siena,Colgate,141,173.7124473128071,161.7124473128071,81.62,32.712447312807086,True,32.712447312807086,-20.712447312807086,2025-11-17
Georgia,Florida A&M,144,168.73573500413946,156.73573500413946,81.14,24.735735004139457,True,24.735735004139457,-12.735735004139457,2025-11-17
Purdue,Akron,176,182.76189354480942,170.76189354480942,86.44,6.761893544809425,True,6.761893544809425,5.238106455190575,2025-11-16
Memphis,UNLV,170,171.98445481914487,159.98445481914487,83.98,1.9844548191448723,True,1.9844548191448723,10.015545180855128,2025-11-16
Vanderbilt,Ark.-Pine Bluff,179,164.352991487747,152.352991487747,81.58,-14.647008512252995,False,-14.647008512252995,26.647008512252995,2025-11-15
Temple,Boston College,147,171.4504698628401,159.4504698628401,81.36,24.450469862840094,True,24.450469862840094,-12.450469862840094,2025-11-15
Georgetown,Clemson,153,169.98013860934986,157.98013860934986,83.2,16.980138609349865,True,16.980138609349865,-4.980138609349865,2025-11-15
Toledo,Detroit Mercy,173,175.9227645576926,163.9227645576926,81.36,2.9227645576926022,True,2.9227645576926022,9.077235442307398,2025-11-15
FGCU,Chattanooga,164,161.23061075504128,149.23061075504128,82.46,-2.7693892449587167,False,-2.7693892449587167,14.769389244958717,2025-11-15
La Salle,Penn St.,152,172.75611156282693,160.75611156282693,81.12,20.75611156282693,True,20.75611156282693,-8.75611156282693,2025-11-15
Army West Point,Harvard,127,170.9476893466827,158.9476893466827,82.02000000000001,43.947689346682694,True,43.947689346682694,-31.947689346682694,2025-11-15
Southeast Mo. St.,St. Thomas (MN),156,158.00729231508217,146.00729231508217,86.38,2.007292315082168,True,2.007292315082168,9.992707684917832,2025-11-15
Mississippi St.,Southeastern La.,143,160.1031155082133,148.1031155082133,94.32000000000001,17.103115508213307,True,17.103115508213307,-5.103115508213307,2025-11-15
Kansas,Princeton,133,165.10119454871997,153.10119454871997,81.08,32.101194548719974,True,32.101194548719974,-20.101194548719974,2025-11-15
UC San Diego,Idaho,142,173.09072292242107,161.09072292242107,80.17999999999999,31.090722922421065,True,31.090722922421065,-19.090722922421065,2025-11-15
Santa Clara,Nevada,181,167.34965798756156,155.34965798756156,85.84,-13.650342012438443,False,-13.650342012438443,25.650342012438443,2025-11-15
Lipscomb,Bryan,151,158.63074942473077,146.63074942473077,81.64,7.630749424730766,True,7.630749424730766,4.369250575269234,2025-11-15
Oral Roberts,Belmont,143,170.15769230048966,158.15769230048966,82.94,27.157692300489657,True,27.157692300489657,-15.157692300489657,2025-11-15
Elon,Gardner-Webb,179,163.2665422563693,151.2665422563693,81.04,-15.733457743630709,False,-15.733457743630709,27.73345774363071,2025-11-15
Villanova,Duquesne,164,173.4610065788826,161.4610065788826,81.32000000000001,9.461006578882603,True,9.461006578882603,2.5389934211173966,2025-11-15
New Mexico St.,New Mexico,144,163.67850648137193,151.67850648137193,85.56,19.678506481371926,True,19.678506481371926,-7.678506481371926,2025-11-15
Seattle U,Idaho St.,157,165.13699117810404,153.13699117810404,80.78,8.13699117810404,True,8.13699117810404,3.86300882189596,2025-11-15
San Francisco,Bradley,139,168.75147440658952,156.75147440658952,82.06,29.751474406589523,True,29.751474406589523,-17.751474406589523,2025-11-15
Colorado,Providence,185,178.4394823061945,166.4394823061945,85.2,-6.560517693805508,False,-6.560517693805508,18.560517693805508,2025-11-14
Ole Miss,CSU Bakersfield,142,147.7210606821133,135.7210606821133,82.56,5.72106068211329,True,5.72106068211329,6.27893931788671,2025-11-14
UCLA,Arizona,134,169.00985330070768,157.00985330070768,80.88,35.009853300707675,True,35.009853300707675,-23.009853300707675,2025-11-14
California Baptist,Western Ill.,128,159.7994165050508,147.7994165050508,89.94,31.7994165050508,True,31.7994165050508,-19.7994165050508,2025-11-14
Saint Mary's (CA),North Texas,129,160.4469326934755,148.4469326934755,80.56,31.446932693475503,True,31.446932693475503,-19.446932693475503,2025-11-14
Col. of Charleston,South Carolina St.,149,166.36117986365872,154.36117986365872,81.52000000000001,17.36117986365872,True,17.36117986365872,-5.36117986365872,2025-11-14
Bucknell,Hofstra,160,162.89214614606877,150.89214614606877,82.17999999999999,2.892146146068768,True,2.892146146068768,9.107853853931232,2025-11-14
Kentucky,Eastern Ill.,152,158.7413251129244,146.7413251129244,80.10000000000001,6.741325112924386,True,6.741325112924386,5.258674887075614,2025-11-14
Baylor,Tarleton St.,175,176.2367959721502,164.2367959721502,85.74000000000001,1.2367959721501904,True,1.2367959721501904,10.76320402784981,2025-11-14
Massachusetts,Le Moyne,174,170.8593594137083,158.8593594137083,80.14,-3.1406405862917097,False,-3.1406405862917097,15.14064058629171,2025-11-13
N.C. A&T,Washington Adventist,172,161.35945094320672,149.35945094320672,83.62,-10.640549056793276,False,-10.640549056793276,22.640549056793276,2025-11-13
Grambling,Southern Miss.,145,165.6306617054589,153.6306617054589,82.24000000000001,20.63066170545889,True,20.63066170545889,-8.630661705458891,2025-11-13
Alabama,Purdue,167,181.9548595434455,169.9548595434455,82.64,14.954859543445508,True,14.954859543445508,-2.954859543445508,2025-11-13
West Virginia,Pittsburgh,120,164.09294386748724,152.09294386748724,85.58,44.092943867487236,True,44.092943867487236,-32.092943867487236,2025-11-13
UNC Asheville,Bryan,146,164.92336636512437,152.92336636512437,83.36,18.923366365124366,True,18.923366365124366,-6.923366365124366,2025-11-13
St. Thomas (MN),Green Bay,141,171.69630538307194,159.69630538307194,81.82000000000001,30.696305383071945,True,30.696305383071945,-18.696305383071945,2025-11-13
Kansas St.,California,195,172.1725754414584,160.1725754414584,80.62,-22.827424558541594,False,-22.827424558541594,34.827424558541594,2025-11-13
Houston Christian,ULM,133,158.69778110531877,146.69778110531877,81.46,25.697781105318768,True,25.697781105318768,-13.697781105318768,2025-11-13
Nevada,Southern Ill.,167,164.75869470260017,152.75869470260017,82.32000000000001,-2.2413052973998333,False,-2.2413052973998333,14.241305297399833,2025-11-12
Oregon St.,North Texas,130,163.4678145715875,151.4678145715875,81.22,33.467814571587496,True,33.467814571587496,-21.467814571587496,2025-11-12
San Diego,Idaho,152,177.05858738372297,165.05858738372297,80.24,25.058587383722966,True,25.058587383722966,-13.058587383722966,2025-11-12
Fresno St.,UC San Diego,151,167.88431537277847,155.88431537277847,85.24000000000001,16.884315372778474,True,16.884315372778474,-4.884315372778474,2025-11-12
Oklahoma St.,Prairie View,161,171.2938201021624,159.2938201021624,80.62,10.293820102162414,True,10.293820102162414,1.7061798978375862,2025-11-12
St. Bonaventure,Siena,141,169.80685222922227,157.80685222922227,89.52,28.806852229222272,True,28.806852229222272,-16.806852229222272,2025-11-12
Longwood,James Madison,154,177.35585691224173,165.35585691224173,82.08,23.355856912241734,True,23.355856912241734,-11.355856912241734,2025-11-12
Georgetown,Binghamton,153,171.79160908728136,159.79160908728136,82.39999999999999,18.79160908728136,True,18.79160908728136,-6.791609087281358,2025-11-12
Marshall,Elon,185,174.01975759638992,162.01975759638992,80.60000000000001,-10.980242403610077,False,-10.980242403610077,22.980242403610077,2025-11-12
Southeast Mo. St.,Webster,128,147.78757863412974,135.78757863412974,80.56,19.787578634129744,True,19.787578634129744,-7.787578634129744,2025-11-12
Akron,Penn St.-Shenango,160,179.76574213947887,167.76574213947887,82.19999999999999,19.765742139478874,True,19.765742139478874,-7.765742139478874,2025-11-12
UCF,Florida A&M,157,172.14892174637802,160.14892174637802,88.14,15.148921746378022,True,15.148921746378022,-3.148921746378022,2025-11-11
Temple,La Salle,153,177.15328983494743,165.15328983494743,85.84,24.15328983494743,True,24.15328983494743,-12.15328983494743,2025-11-11
Florida,Florida St.,154,164.57668869698625,152.57668869698625,80.2,10.576688696986253,True,10.576688696986253,1.4233113030137474,2025-11-11
North Carolina,Radford,163,171.10766250201607,159.10766250201607,80.30000000000001,8.107662502016069,True,8.107662502016069,3.892337497983931,2025-11-11
CSU Bakersfield,Western Ill.,132,148.0199957209793,136.0199957209793,82.22,16.019995720979296,True,16.019995720979296,-4.019995720979296,2025-11-11
BYU,Delaware,153,175.97494186537614,163.97494186537614,82.78,22.974941865376138,True,22.974941865376138,-10.974941865376138,2025-11-11
New Mexico,UC Riverside,150,164.96457727411257,152.96457727411257,82.3,14.964577274112571,True,14.964577274112571,-2.964577274112571,2025-11-11
Ole Miss,Memphis,160,156.31888956703185,144.31888956703185,93.7,-3.681110432968154,False,-3.681110432968154,15.681110432968154,2025-11-11
Duquesne,Queens (NC),168,177.46620620642403,165.46620620642403,85.66,9.466206206424033,True,9.466206206424033,2.533793793575967,2025-11-11
Saint Francis,Mount St. Mary's,140,164.01231647248724,152.01231647248724,83.44,24.012316472487242,True,24.012316472487242,-12.012316472487242,2025-11-11
Wright St.,Toledo,152,174.9123252687891,162.9123252687891,81.46,22.91232526878909,True,22.91232526878909,-10.91232526878909,2025-11-11
Louisiana,Tulane,128,174.21958899916652,162.21958899916652,82.86,46.21958899916652,True,46.21958899916652,-34.21958899916652,2025-11-11
Saint Mary's (CA),Ohio,150,170.11669629728462,158.11669629728462,84.16,20.11669629728462,True,20.11669629728462,-8.11669629728462,2025-11-11
Seton Hall,Fairfield,141,167.29331105506847,155.29331105506847,82.39999999999999,26.29331105506847,True,26.29331105506847,-14.293311055068472,2025-11-10
Rutgers,Maine,132,158.82581818851523,146.82581818851523,83.22,26.82581818851523,True,26.82581818851523,-14.825818188515228,2025-11-10
LSU,New Orleans,151,174.29513349127504,162.29513349127504,82.28,23.29513349127504,True,23.29513349127504,-11.295133491275038,2025-11-10
Iowa St.,Mississippi St.,176,170.4098890312518,158.4098890312518,92.28,-5.590110968748206,False,-5.590110968748206,17.590110968748206,2025-11-10
Georgia Tech,Southeastern La.,130,149.84025877015102,137.84025877015102,84.66,19.840258770151024,True,19.840258770151024,-7.840258770151024,2025-11-10
N.C. A&T,South Carolina St.,147,153.5169873427768,141.5169873427768,83.82,6.516987342776787,True,6.516987342776787,5.483012657223213,2025-11-10
UT Martin,Ky. Christian,139,147.91415996408585,135.91415996408585,82.84,8.914159964085854,True,8.914159964085854,3.0858400359141456,2025-11-09
South Carolina,Southern Miss.,162,167.29516131920707,155.29516131920707,87.02,5.295161319207068,True,5.295161319207068,6.704838680792932,2025-11-09
Baylor,Washington,147,177.84773791250404,165.84773791250404,82.56,30.847737912504044,True,30.847737912504044,-18.847737912504044,2025-11-09
Memphis,San Francisco,146,167.0096088545694,155.0096088545694,89.78,21.009608854569393,True,21.009608854569393,-9.009608854569393,2025-11-08
Kansas St.,Bellarmine,169,179.67917604335514,167.67917604335514,80.2,10.679176043355142,True,10.679176043355142,1.3208239566448583,2025-11-08
BYU,Holy Cross,151,176.38558443038735,164.38558443038735,80.02,25.385584430387354,True,25.385584430387354,-13.385584430387354,2025-11-08
Toledo,Marshall,158,174.74522820782823,162.74522820782823,81.2,16.745228207828234,True,16.745228207828234,-4.745228207828234,2025-11-08
Florida A&M,Kennesaw St.,164,169.4713098776838,157.4713098776838,85.32,5.471309877683808,True,5.471309877683808,6.528690122316192,2025-11-08
Binghamton,Niagara,126,164.9201614169486,152.9201614169486,80.16,38.92016141694859,True,38.92016141694859,-26.920161416948588,2025-11-08
UCF,Vanderbilt,198,180.1112039135547,168.1112039135547,84.72,-17.888796086445296,False,-17.888796086445296,29.888796086445296,2025-11-08
Richmond,East Carolina,159,169.63774903250095,157.63774903250095,81.52000000000001,10.637749032500949,True,10.637749032500949,1.362250967499051,2025-11-08
Fla. Atlantic,Col. of Charleston,171,160.57200000922228,148.57200000922228,81.96,-10.427999990777721,False,-10.427999990777721,22.42799999077772,2025-11-08
Colorado,Eastern Wash.,199,162.75534857761417,150.75534857761417,80.5,-36.24465142238583,False,-36.24465142238583,48.24465142238583,2025-11-08
St. Thomas (MN),Army West Point,159,170.56989051907024,158.56989051907024,84.17999999999999,11.569890519070242,True,11.569890519070242,0.4301094809297581,2025-11-08
Nevada,Pacific,155,168.40920167859332,156.40920167859332,86.74,13.40920167859332,True,13.40920167859332,-1.4092016785933197,2025-11-08
Seattle U,Cal Poly,144,165.04933920685468,153.04933920685468,80.86,21.049339206854683,True,21.049339206854683,-9.049339206854683,2025-11-08
UC San Diego,Houston Christian,138,170.16977886567557,158.16977886567557,84.14,32.16977886567557,True,32.16977886567557,-20.169778865675568,2025-11-08
Villanova,Queens (NC),168,180.01317374826664,168.01317374826664,80.44,12.013173748266638,True,12.013173748266638,-0.013173748266638086,2025-11-08
Delaware,Wilmington (DE),133,160.18973655373483,148.18973655373483,80.54,27.189736553734832,True,27.189736553734832,-15.189736553734832,2025-11-07
Buffalo,Green Bay,159,174.96256684181552,162.96256684181552,81.62,15.962566841815516,True,15.962566841815516,-3.9625668418155158,2025-11-07
Brown,Siena,108,163.215105974092,151.215105974092,82.6,55.21510597409201,True,55.21510597409201,-43.21510597409201,2025-11-07
Iona,Hofstra,154,167.23681011650413,155.23681011650413,81.88,13.236810116504131,True,13.236810116504131,-1.236810116504131,2025-11-07
North Carolina,Kansas,161,165.3986914303714,153.3986914303714,85.88,4.3986914303714,True,4.3986914303714,7.6013085696286,2025-11-07
Louisiana,Southeastern La.,110,157.8901962452148,145.8901962452148,89.75999999999999,47.89019624521481,True,47.89019624521481,-35.89019624521481,2025-11-07
Eastern Ill.,Nicholls,122,153.49005640696166,141.49005640696166,82.62,31.490056406961656,True,31.490056406961656,-19.490056406961656,2025-11-07
Ole Miss,ULM,151,148.18300821722696,136.18300821722696,81.42,-2.8169917827730444,False,-2.8169917827730444,14.816991782773044,2025-11-07
Missouri,Southeast Mo. St.,173,163.39996629458744,151.39996629458744,86.7,-9.600033705412557,False,-9.600033705412557,21.600033705412557,2025-11-07
Saint Mary's (CA),Chattanooga,153,170.79366771431376,158.79366771431376,85.64,17.793667714313756,True,17.793667714313756,-5.793667714313756,2025-11-07
Oregon St.,UIC,149,159.06675783706604,147.06675783706604,84.72,10.066757837066035,True,10.066757837066035,1.933242162933965,2025-11-07
Washington,Denver,154,177.41985787731738,165.41985787731738,82.52000000000001,23.419857877317384,True,23.419857877317384,-11.419857877317384,2025-11-06
Ohio,Illinois St.,140,174.3142315073415,162.3142315073415,80.78,34.3142315073415,True,34.3142315073415,-22.314231507341503,2025-11-06
Southern Miss.,Tougaloo,150,155.36580478553282,143.36580478553282,80.0,5.365804785532816,True,5.365804785532816,6.634195214467184,2025-11-06
TCU,Saint Francis,167,166.02893005759438,154.02893005759438,80.42,-0.9710699424056202,False,-0.9710699424056202,12.97106994240562,2025-11-06
Iowa St.,Grambling,164,169.09827688826118,157.09827688826118,83.82,5.098276888261182,True,5.098276888261182,6.901723111738818,2025-11-06
Louisville,Jackson St.,176,175.23114079912472,163.23114079912472,82.46,-0.7688592008752835,False,-0.7688592008752835,12.768859200875283,2025-11-06
Pacific,LIFE Pacific,139,170.87119149619886,158.87119149619886,81.24,31.87119149619886,True,31.87119149619886,-19.87119149619886,2025-11-05
James Madison,Wash. & Lee,126,164.00033260391194,152.00033260391194,81.17999999999999,38.00033260391194,True,38.00033260391194,-26.000332603911943,2025-11-05
Richmond,Southern Va.,140,169.61204143952205,157.61204143952205,81.32000000000001,29.612041439522045,True,29.612041439522045,-17.612041439522045,2025-11-05
Elon,Belmont Abbey,150,173.54602650602627,161.54602650602627,85.66,23.546026506026266,True,23.546026506026266,-11.546026506026266,2025-11-05
LSU,Tarleton St.,156,174.4834263546513,162.4834263546513,88.9,18.4834263546513,True,18.4834263546513,-6.4834263546513,2025-11-05
Oklahoma St.,Oral Roberts,166,174.58335978358548,162.58335978358548,82.39999999999999,8.583359783585479,True,8.583359783585479,3.416640216414521,2025-11-04
Valparaiso,Eastern Ill.,129,154.91954678705332,142.91954678705332,85.26,25.91954678705332,True,25.91954678705332,-13.91954678705332,2025-11-04
South Carolina,N.C. A&T,163,158.94719097762598,146.94719097762598,90.18,-4.052809022374021,False,-4.052809022374021,16.05280902237402,2025-11-04
Purdue,Evansville,133,174.98308208692544,162.98308208692544,82.19999999999999,41.983082086925435,True,41.983082086925435,-29.983082086925435,2025-11-04
West Virginia,Mount St. Mary's,124,163.08868938202193,151.08868938202193,82.32000000000001,39.088689382021926,True,39.088689382021926,-27.088689382021926,2025-11-04
Saint Louis,Southeast Mo. St.,159,158.29911496518523,146.29911496518523,80.82000000000001,-0.7008850348147746,False,-0.7008850348147746,12.700885034814775,2025-11-03
Ole Miss,Southeastern La.,146,148.19154842515132,136.19154842515132,89.3,2.191548425151325,True,2.191548425151325,9.808451574848675,2025-11-03
Kansas,Green Bay,145,169.85778488590535,157.85778488590535,82.3,24.857784885905346,True,24.857784885905346,-12.857784885905346,2025-11-03
George Washington,Maine,114,167.23961320452858,155.23961320452858,83.22,53.23961320452858,True,53.23961320452858,-41.23961320452858,2025-11-03
Ohio,Arkansas St.,174,170.84298390440327,158.84298390440327,80.7,-3.157016095596731,False,-3.157016095596731,15.157016095596731,2025-11-03
Chattanooga,Union Commonwealth,131,161.02879391543502,149.02879391543502,85.34,30.028793915435017,True,30.028793915435017,-18.028793915435017,2025-11-03
Bucknell,Delaware,148,167.87331948735292,155.87331948735292,81.92,19.873319487352916,True,19.873319487352916,-7.873319487352916,2025-11-03
Providence,Holy Cross,168,176.06857580839474,164.06857580839474,80.28,8.06857580839474,True,8.06857580839474,3.9314241916052595,2025-11-03
Syracuse,Binghamton,132,171.70985305239043,159.70985305239043,81.22,39.70985305239043,True,39.70985305239043,-27.70985305239043,2025-11-03
Duquesne,Niagara,146,167.20431211599967,155.20431211599967,84.42,21.20431211599967,True,21.20431211599967,-9.20431211599967,2025-11-03
Michigan St.,Colgate,149,169.6457910886035,157.6457910886035,81.42,20.645791088603488,True,20.645791088603488,-8.645791088603488,2025-11-03
Liberty,Ky. Christian,155,161.71759841994174,149.71759841994174,80.72,6.717598419941737,True,6.717598419941737,5.282401580058263,2025-11-03
Toledo,South Alabama,150,173.33194322824582,161.33194322824582,82.96,23.33194322824582,True,23.33194322824582,-11.33194322824582,2025-11-03
Akron,James Madison,156,182.57319148621315,170.57319148621315,85.56,26.573191486213148,True,26.573191486213148,-14.573191486213148,2025-11-03
Ball St.,Louisiana,139,167.894323329745,155.894323329745,80.44,28.894323329744992,True,28.894323329744992,-16.894323329744992,2025-11-03
Buffalo,Southern Miss.,164,169.60289695012222,157.60289695012222,84.48,5.602896950122215,True,5.602896950122215,6.397103049877785,2025-11-03
UCLA,Eastern Wash.,154,158.09697465153468,146.09697465153468,80.62,4.09697465153468,True,4.09697465153468,7.90302534846532,2025-11-03
Saint Mary's (CA),St. Thomas (MN),142,167.26834055164034,155.26834055164034,86.4,25.268340551640335,True,25.268340551640335,-13.268340551640335,2025-11-03
Seattle U,Denver,157,170.20482064984748,158.20482064984748,87.64,13.204820649847477,True,13.204820649847477,-1.204820649847477,2025-11-03
Washington,Ark.-Pine Bluff,144,161.17532509075463,149.17532509075463,80.38,17.175325090754626,True,17.175325090754626,-5.175325090754626,2025-11-03
Illinois,Jackson St.,168,174.14906242545462,162.14906242545462,80.04,6.149062425454616,True,6.149062425454616,5.850937574545384,2025-11-03
UCF,Hofstra,160,170.80708626779085,158.80708626779085,85.06,10.80708626779085,True,10.80708626779085,1.1929137322091492,2025-11-03
Fresno St.,Fresno Pacific,139,168.3166821989248,156.3166821989248,84.52,29.31668219892481,True,29.31668219892481,-17.31668219892481,2025-11-03
Northern Colo.,Colorado Col.,148,162.5633564439456,150.5633564439456,84.04,14.563356443945594,True,14.563356443945594,-2.563356443945594,2025-11-03
St. Bonaventure,Bradley,132,167.3628590137411,155.3628590137411,83.74000000000001,35.36285901374109,True,35.36285901374109,-23.362859013741087,2025-11-03
Oklahoma,Saint Francis,168,171.96698149833762,159.96698149833762,81.2,3.966981498337617,True,3.966981498337617,8.033018501662383,2025-11-03
